Date,Daily_Vehicle_Registration,Metro_Ridership_Millions,Total_Vehicles_Cumulative
2021-01-01,158.0,3.2351072744285725,158.0
2021-01-02,166.29812711217096,1.7594989380153485,324.29812711217096
2021-01-03,157.59320733604196,1.8055873597463112,481.8913344482129
2021-01-04,161.88515384582087,3.212293014116906,643.7764882940337
2021-01-05,161.17388074303196,3.2948883386115506,804.9503690370657
2021-01-06,159.45930308193468,3.2776374049197927,964.4096721190003
2021-01-07,160.74133689466038,3.1698165503209905,1125.1510090136608
2021-01-08,167.01989921605988,3.28207253484053,1292.1709082297207
2021-01-09,158.29490810825413,1.768752767759088,1450.4658163379747
2021-01-10,165.56628268488095,1.7708272104379517,1616.0320990228556
2021-01-11,160.83394313503064,3.3208877826035668,1776.8660421578863
2021-01-12,163.09781074686313,3.333196333148342,1939.9638529047495
2021-01-13,162.3578079309004,3.2737384111641505,2102.3216608356497
2021-01-14,169.61385824298625,3.501944056863292,2271.935519078636
2021-01-15,161.86588640690732,3.1909874225292976,2433.8014054855435
2021-01-16,163.11381833666866,1.7531203991630153,2596.9152238222123
2021-01-17,162.35758115841688,2.0016705687745873,2759.272804980629
2021-01-18,162.59710323200474,3.227494473728112,2921.869908212634
2021-01-19,167.83231417219062,3.1928523932003054,3089.702222384825
2021-01-20,161.06314486946664,3.470694461982414,3250.7653672542915
2021-01-21,165.2895275105092,3.111521835972508,3416.054894764801
2021-01-22,167.51139559824617,3.357257813500477,3583.566290363047
2021-01-23,163.72868397153434,1.9777993182793046,3747.294974334581
2021-01-24,167.94132882444174,1.7227912909346705,3915.236303159023
2021-01-25,166.14926772512874,3.1488239211784927,4081.3855708841515
2021-01-26,168.35243963432265,3.2177075374637036,4249.738010518474
2021-01-27,166.55078492338032,3.5354615107173597,4416.288795441854
2021-01-28,168.74424539193316,3.570919499967234,4585.033040833787
2021-01-29,166.9327642851095,3.364034046194116,4751.965805118896
2021-01-30,166.11628631032937,1.898295970533562,4918.082091429225
2021-01-31,167.29475765366638,1.950946182678059,5085.376849082892
2021-02-01,173.4681259957722,3.680614044671507,5258.844975078664
2021-02-02,169.63634052735864,3.421983191752781,5428.481315606023
2021-02-03,168.79935196423298,3.1605028536317414,5597.280667570256
2021-02-04,165.95711256188193,3.35860526375765,5763.237780132138
2021-02-05,163.1095761296,3.4153966085601826,5926.347356261738
2021-02-06,173.2566980441581,1.8537698190794232,6099.604054305896
2021-02-07,168.3984352630082,1.8616688348122359,6268.002489568904
2021-02-08,168.5347463370204,3.6326236826894682,6436.537235905925
2021-02-09,166.66559142274838,3.658133582673339,6603.202827328673
2021-02-10,167.7909322942196,3.475359067249608,6770.993759622893
2021-02-11,165.91073235424716,3.6456251396992645,6936.90449197714
2021-02-12,166.0249566452594,3.5543887328986408,7102.9294486224
2021-02-13,171.13357185964438,1.8960700050478492,7274.0630204820445
2021-02-14,167.23654634960616,1.9576600468701801,7441.299566831651
2021-02-15,165.33385013653,3.5320336934914964,7606.63341696818
2021-02-16,167.42545491985334,3.7949129962924975,7774.0588718880335
2021-02-17,171.51133408544052,3.345078621239766,7945.570205973474
2021-02-18,169.59146271345818,3.4696909160298848,8115.161668686932
2021-02-19,169.66581758574972,3.5247219080636274,8284.827486272681
2021-02-20,168.73437719270558,1.939925230106502,8453.561863465387
2021-02-21,169.79712173962858,2.000253714541589,8623.358985205015
2021-02-22,169.85403315259126,3.55099407000182,8793.213018357606
2021-02-23,167.9050950837844,3.373429870359697,8961.118113441391
2021-02-24,167.95029291635456,3.671909135620684,9129.068406357746
2021-02-25,170.98961376872938,3.664497134009095,9300.058020126477
2021-02-26,171.02304649842952,3.3177874202277042,9471.081066624905
2021-02-27,169.05058170536586,1.9242010841735901,9640.13164833027
2021-02-28,174.07221173462113,1.8151421664700271,9814.203860064892
2021-03-01,171.08793067871517,3.4948810443225096,9985.291790743608
2021-03-02,170.09773437935303,3.4674114335786737,10155.38952512296
2021-03-03,170.10162042865542,3.6933728461611293,10325.491145551616
2021-03-04,169.09958816987134,3.6066481298572497,10494.590733721487
2021-03-05,175.0916386975723,3.427524105372896,10669.682372419058
2021-03-06,171.07777485732856,1.99884905831436,10840.760147276387
2021-03-07,167.05800124486697,1.8384857925511462,11007.818148521254
2021-03-08,169.0323242047111,3.646522360879364,11176.850472725964
2021-03-09,168.00075182830363,3.500563596354296,11344.851224554268
2021-03-10,166.96329395161226,3.5615189178270272,11511.81451850588
2021-03-11,169.91996215221874,3.6771778402699917,11681.734480658099
2021-03-12,170.8707697458932,3.681869759413728,11852.605250403993
2021-03-13,169.81573178265356,2.04089753219906,12022.420982186646
2021-03-14,174.7548650423121,1.9427594508747559,12197.175847228958
2021-03-15,169.68818802951,3.660646857445642,12366.864035258468
2021-03-16,169.6157209682416,3.5659260921866274,12536.47975622671
2021-03-17,168.53748579586966,3.648404000708388,12705.01724202258
2021-03-18,168.45350615663384,3.6836809809086977,12873.470748179214
2021-03-19,167.363807394654,3.6154585666481758,13040.834555573867
2021-03-20,170.2684165464304,1.8282548356556736,13211.102972120298
2021-03-21,168.1673623328432,1.978510110484312,13379.27033445314
2021-03-22,166.06067515065348,3.6800315976671776,13545.331009603793
2021-03-23,172.94838706350836,3.5454567274293898,13718.279396667302
2021-03-24,168.83053179245286,3.468036042354066,13887.109928459755
2021-03-25,172.7071447059513,3.827883794722674,14059.817073165706
2021-03-26,168.5782628094211,3.7008063403050624,14228.395335975127
2021-03-27,168.4439247342825,1.9427273994229508,14396.839260709408
2021-03-28,164.30417072652665,1.8795313752167884,14561.143431435936
2021-03-29,168.15904263480638,3.5320913855253893,14729.302474070742
2021-03-30,171.00858389805236,3.8087037451043955,14900.311057968795
2021-03-31,168.85283953261902,3.6575875061793566,15069.163897501414
2021-04-01,164.69185611896316,3.568324279530012,15233.855753620377
2021-04-02,167.52568178786038,3.7062539648129853,15401.381435408237
2021-04-03,167.3543662061622,1.9029774406959603,15568.735801614399
2021-04-04,166.17796056209895,2.0649705360846844,15734.913762176498
2021-04-05,167.99651755013227,3.815447359951669,15902.910279726631
2021-04-06,166.81009135536203,3.5785609802467224,16069.720371081994
2021-04-07,167.61873763749205,3.5570056213163315,16237.339108719487
2021-04-08,166.4225135143595,3.2977775492517583,16403.761622233847
2021-04-09,165.22147754503285,3.4448166210804207,16568.98309977888
2021-04-10,168.01568971248327,1.8644035105764891,16736.998789491365
2021-04-11,165.80521140583468,1.9671226022174404,16902.8040008972
2021-04-12,167.5901054021978,3.5921866552758455,17070.394106299394
2021-04-13,166.37043584809325,3.4585337063876573,17236.764542147488
2021-04-14,164.1462682404698,3.5955928148169956,17400.91081038796
2021-04-15,167.91766940732248,3.696441707518059,17568.82847979528
2021-04-16,163.68470748791728,3.6978580623766053,17732.5131872832
2021-04-17,162.44745191262768,1.8203557378643793,17894.960639195826
2021-04-18,164.20597338238895,1.9434211152248453,18059.166612578214
2021-04-19,168.96034384777664,3.4442064661069947,18228.12695642599
2021-04-20,164.7106364877154,3.7393106851507927,18392.837592913704
2021-04-21,162.45692568782388,3.721960069837534,18555.294518601528
2021-04-22,161.19928701840314,3.5011030823008893,18716.49380561993
2021-04-23,160.9377972120739,3.515977479689055,18877.431602832006
2021-04-24,162.6725341410703,1.9132654141116794,19040.104136973077
2021-04-25,159.4035767941962,1.786513002977793,19199.507713767274
2021-04-26,163.13100525345112,3.651743227378205,19362.638719020724
2021-04-27,158.85490067033277,3.569885976755522,19521.493619691057
2021-04-28,161.57534524182282,3.7286617759735585,19683.068964932878
2021-04-29,158.29242218606365,3.4568247423981857,19841.36138711894
2021-04-30,162.00621571773277,3.5161074253809326,20003.367602836675
2021-05-01,158.7168110231222,1.8294866317875929,20162.084413859797
2021-05-02,160.4242942349307,1.862904512484444,20322.508708094727
2021-05-03,157.12875240677553,3.4332505090367884,20479.6374605015
2021-05-04,160.83027348743184,3.7129556366000185,20640.46773398893
2021-05-05,160.52894629480747,3.4891772260180955,20800.996680283737
2021-05-06,161.22486048966005,3.592468675490252,20962.221540773397
2021-05-07,159.91810654906513,3.5231045990240033,21122.139647322463
2021-05-08,159.60877573964237,1.8327916375623357,21281.748423062105
2021-05-09,157.29696009054842,1.9077668266814782,21439.045383152654
2021-05-10,156.98275236624394,3.6387530543292734,21596.028135518896
2021-05-11,159.66624603904322,3.399763939743139,21755.69438155794
2021-05-12,157.34753526145397,3.657769584189803,21913.041916819395
2021-05-13,157.02671483831634,3.4378439224772075,22070.068631657712
2021-05-14,159.70388019874858,3.4811541787237674,22229.77251185646
2021-05-15,155.37912736790787,1.9430268090989695,22385.15163922437
2021-05-16,153.05255293857513,1.856994813347519,22538.204192162942
2021-05-17,153.72425404257157,3.5352135638561473,22691.928446205515
2021-05-18,154.39432832201578,3.4847135489328185,22846.32277452753
2021-05-19,156.06287390043,3.5376541606939584,23002.38564842796
2021-05-20,158.7299893537036,3.2064730544272257,23161.115637781662
2021-05-21,152.39577368092304,3.2731646159440393,23313.511411462587
2021-05-22,154.06032627507645,1.9309639114248456,23467.571737737664
2021-05-23,151.72374689364145,1.9577033676803766,23619.295484631304
2021-05-24,150.38613562906556,3.377364844024806,23769.68162026037
2021-05-25,152.0475928791471,3.4587585873250517,23921.729213139515
2021-05-26,156.70821931732587,3.523478771034393,24078.43743245684
2021-05-27,151.3681158628923,3.5698969622362267,24229.805548319735
2021-05-28,152.02738365112376,3.210726039360461,24381.832931970857
2021-05-29,154.68612400335707,1.8057942442194705,24536.519055974215
2021-05-30,154.34443839700577,1.8415288107129133,24690.86349437122
2021-05-31,151.00242843553156,3.5489768097911876,24841.86592280675
2021-06-01,148.66019581837782,3.776654311882538,24990.52611862513
2021-06-02,154.3178423108755,3.4164476362286655,25144.843960936007
2021-06-03,146.97546971412888,3.2573533166489828,25291.819430650135
2021-06-04,152.63317983489105,3.4866709416578177,25444.452610485027
2021-06-05,151.2910744554377,1.9385512942434424,25595.743684940466
2021-06-06,149.94925530344798,1.8504163003816503,25745.692940243913
2021-06-07,152.60782402190185,3.2985385815740127,25898.300764265816
2021-06-08,146.26688213900206,3.534850176720346,26044.56764640482
2021-06-09,148.92653103813052,3.4904325280231134,26193.49417744295
2021-06-10,149.58687192784714,3.2645960993071412,26343.081049370798
2021-06-11,149.24800581194071,3.4413431591477983,26492.329055182738
2021-06-12,146.91003345954027,1.8927631821848192,26639.239088642276
2021-06-13,146.5730553752958,1.9022887608174768,26785.81214401757
2021-06-14,142.23717176963737,3.3641888652940617,26928.049315787208
2021-06-15,147.90248252912127,3.319891510768539,27075.951798316328
2021-06-16,144.5690871868718,3.519567585316513,27220.5208855032
2021-06-17,147.2370848931281,3.196248715456067,27367.757970396327
2021-06-18,144.90657438590372,3.4041018331557,27512.66454478223
2021-06-19,144.57765396176868,1.7028691501263944,27657.242198744
2021-06-20,142.25042144676178,1.8698265752179855,27799.492620190762
2021-06-21,143.9249741674423,3.2939267806938157,27943.417594358205
2021-06-22,143.60140892208966,3.4858021377948076,28087.019003280293
2021-06-23,142.27982195205908,3.378162618522526,28229.298825232352
2021-06-24,140.96030891330236,3.148633952145456,28370.259134145654
2021-06-25,140.64296484806155,3.486210748754178,28510.902098993716
2021-06-26,142.32788415674466,1.8824682667129904,28653.22998315046
2021-06-27,147.01516056999088,1.8320487218769974,28800.24514372045
2021-06-28,138.70488712093425,3.1819897245155033,28938.950030841384
2021-06-29,141.39715611767366,3.234522353881724,29080.347186959058
2021-06-30,139.09205911595734,3.286510535194598,29219.439246075013
2021-07-01,139.78968689209012,3.169418264400596,29359.228932967104
2021-07-02,141.49012941607123,3.47419806444799,29500.719062383174
2021-07-03,138.19347582497073,1.7587481715392204,29638.912538208144
2021-07-04,138.89981439655242,1.555798899980986,29777.812352604695
2021-07-05,138.60923252315098,3.2781869429564234,29916.421585127846
2021-07-06,139.32181668581126,3.1821095663755252,30055.743401813656
2021-07-07,142.03765242869704,3.210935612902846,30197.781054242354
2021-07-08,138.75682433377733,3.166070262306657,30336.53787857613
2021-07-09,139.4794159957969,3.3122321843857927,30476.017294571928
2021-07-10,136.2055099975396,1.8018073029626132,30612.22280456947
2021-07-11,136.93518788539043,1.7396635124416253,30749.15799245486
2021-07-12,137.66853014520498,3.1432654732799916,30886.826522600066
2021-07-13,138.40561617849212,3.175389795191864,31025.23213877856
2021-07-14,139.146524278918,3.176719774336504,31164.378663057476
2021-07-15,136.89133160913755,3.0632865501405213,31301.269994666614
2021-07-16,133.6401141779609,3.236318193537868,31434.910108844575
2021-07-17,137.39294681786114,1.730800779481808,31572.303055662436
2021-07-18,135.14990316283007,1.8029338630970242,31707.452958825266
2021-07-19,132.91105562658896,3.304783607071977,31840.364014451854
2021-07-20,134.67647538115995,3.0460222282164313,31975.040489833013
2021-07-21,132.44623233580512,3.235404571071199,32107.48672216882
2021-07-22,133.2203951163394,2.9987835326201013,32240.707117285157
2021-07-23,133.9990310448228,3.206558092263719,32374.70614832998
2021-07-24,136.78220611963906,1.6383479253382236,32511.48835444962
2021-07-25,134.56998499596534,1.5995234948393087,32646.058339445583
2021-07-26,134.36243096663992,3.1337763382918626,32780.420770412224
2021-07-27,136.1596059434328,2.743525774051804,32916.580376355654
2021-07-28,137.96157043872498,2.8574887187140763,33054.54194679438
2021-07-29,135.76838354760187,3.055986433134461,33190.310330341985
2021-07-30,134.58010293036608,3.0837732261103055,33324.890433272354
2021-07-31,134.39678479547493,1.625664995977324,33459.28721806783
2021-08-01,137.21848388290724,1.537780869545583,33596.50570195074
2021-08-02,130.04525344796517,2.949037305473467,33726.5509553987
2021-08-03,130.8771452455149,3.10043582203023,33857.42810064422
2021-08-04,136.7142095146716,3.1194849121228745,33994.14231015889
2021-08-05,130.55649496393292,3.0360799512359895,34124.69880512282
2021-08-06,135.40404875676523,3.182975700936021,34260.10285387958
2021-08-07,132.2569164976474,1.6577677906685784,34392.359770377225
2021-08-08,131.11514221857544,1.5746819988633813,34523.4749125958
2021-08-09,135.97876836603302,2.979709651363827,34659.45368096183
2021-08-10,128.8478357884306,2.8284677673060763,34788.30151675026
2021-08-11,131.72238372401785,2.9915185196108673,34920.023900474276
2021-08-12,136.60244978927244,3.144958218299078,35056.62635026355
2021-08-13,131.48806996776875,3.0843552633049236,35188.114420231315
2021-08-14,130.37927859952958,1.7082619930835334,35318.49369883085
2021-08-15,133.2761083708646,1.586245731506961,35451.76980720171
2021-08-16,129.17859030469776,3.155365991165185,35580.94839750641
2021-08-17,132.08675375138728,2.950436261644949,35713.03515125779
2021-08-18,129.00062638004022,3.1621458745138473,35842.03577763783
2021-08-19,128.92023417032493,2.9633550472992187,35970.95601180816
2021-08-20,129.84560140478317,3.0535770957921455,36100.80161321294
2021-08-21,126.7767506616444,1.6955763722879105,36227.578363874585
2021-08-22,127.71370280814472,1.5764161154175944,36355.29206668273
2021-08-23,129.6564769943518,2.976866621408208,36484.94854367708
2021-08-24,130.60509064749817,3.1118180567704807,36615.55363432458
2021-08-25,133.55955946682397,2.9228556303141175,36749.1131937914
2021-08-26,132.5198974189316,2.7644019658019445,36881.63309121034
2021-08-27,132.48611673365264,3.2107736832712677,37014.119207943986
2021-08-28,127.45822790042877,1.5439158197569942,37141.57743584442
2021-08-29,131.43623966520798,1.5858951976258076,37273.013675509625
2021-08-30,133.42015902785624,3.071226846007231,37406.43383453748
2021-08-31,131.40999124008638,2.8382894710248547,37537.84382577756
2021-09-01,129.40573980390388,2.782916972884011,37667.249565581464
2021-09-02,129.40740647057055,2.9435712188959875,37796.656972052035
2021-09-03,129.41499124008638,2.674231445548599,37926.071963292125
2021-09-04,126.42849236118957,1.543635151371817,38052.50045565332
2021-09-05,131.44790633187463,1.579298836737024,38183.94836198519
2021-09-06,133.47322790042875,2.863087759854957,38317.42158988562
2021-09-07,132.50445006698595,2.6946899714435837,38449.9260399526
2021-09-08,132.54156408559825,3.0998437659957268,38582.467604038204
2021-09-09,131.58455946682395,2.9034283895571584,38714.052163505025
2021-09-10,131.63342398083148,3.0734925418414014,38845.68558748586
2021-09-11,129.68814366101847,1.53527213404702,38975.37373114688
2021-09-12,128.74870280814474,1.4906297851207593,39104.122433955024
2021-09-13,131.81508399497773,2.9155058468280557,39235.937517950006
2021-09-14,128.88726807144985,2.85036764961276,39364.824786021454
2021-09-15,135.96523417032495,2.723328591844333,39500.79002019178
2021-09-16,131.04895971337356,3.0656376835030765,39631.83897990515
2021-09-17,132.13842041805395,2.7919098464026657,39763.9774003232
2021-09-18,132.23359030469777,1.4171883432807224,39896.2109906279
2021-09-19,130.33444170419793,1.6381509822808886,40026.545432332096
2021-09-20,132.44094526619625,2.802635597185396,40158.98637759829
2021-09-21,131.55306996776875,2.7878657462296683,40290.53944756606
2021-09-22,129.67078312260577,2.6361843495122415,40420.210230688666
2021-09-23,128.7940503906845,3.0909227377098936,40549.00428107935
2021-09-24,129.92283578843058,2.695997522699732,40678.92711686778
2021-09-25,129.05710169936634,1.545585148806899,40807.984218567144
2021-09-26,135.1968088852421,1.6049778783998723,40943.18102745239
2021-09-27,134.34191649764736,2.9162291420011006,41077.52294395003
2021-09-28,131.49238209009854,2.853139251284069,41209.01532604013
2021-09-29,130.64816163059956,2.6392812640312813,41339.663487670725
2021-09-30,130.8092095146716,2.7549523706843786,41470.472697185396
2021-10-01,133.97547857884825,2.8844647601844033,41604.44817576424
2021-10-02,133.14692011463185,1.4848979364757244,41737.595095878874
2021-10-03,129.32348388290725,1.5542702385481917,41866.91857976178
2021-10-04,136.50511812880828,2.94887208931291,42003.42369789059
2021-10-05,137.6917695970328,2.9856664603412635,42141.11546748762
2021-10-06,132.88338354760188,2.7015486548505954,42273.99885103523
2021-10-07,136.07990377205834,3.1470419702633556,42410.078754807284
2021-10-08,132.28127261009948,2.96189127957349,42542.36002741738
2021-10-09,136.48743096663992,1.5414279389969183,42678.84745838402
2021-10-10,134.69831832929864,1.618284123607961,42813.54577671332
2021-10-11,135.91387278630572,3.17223267310233,42949.45964949962
2021-10-12,138.13403104482282,2.6787946748522216,43087.59368054444
2021-10-13,132.3587284496727,2.837756452303332,43219.95240899412
2021-10-14,134.58789900247177,2.5591701117301886,43354.54030799659
2021-10-15,139.8214753811599,2.8948494900176525,43494.36178337775
2021-10-16,135.05938895992227,1.5716922907336692,43629.42117233768
2021-10-17,135.3015698294967,1.5442688697349862,43764.72274216718
2021-10-18,134.5479468178611,2.789704282495943,43899.27068898504
2021-10-19,135.79844751129426,2.610242459999426,44035.069136496335
2021-10-20,136.05299827580424,2.9272348979129674,44171.12213477214
2021-10-21,138.311524278918,3.0699880548319016,44309.43365905106
2021-10-22,139.57394951182548,2.8061644832040566,44449.00760856288
2021-10-23,135.84019681187166,1.5844384693177929,44584.84780537475
2021-10-24,139.11018788539045,1.445173617706877,44723.95799326014
2021-10-25,141.38384333087293,2.9497293424046958,44865.34183659101
2021-10-26,140.6610826624636,2.8417974108319517,45006.00291925347
2021-10-27,136.94182433377733,2.796573902028343,45142.94474358725
2021-10-28,138.22598576203038,2.7996969348680016,45281.17072934928
2021-10-29,140.5134833524779,2.8503346766043505,45421.68421270176
2021-10-30,142.80423252315097,1.590768099237929,45564.48844522491
2021-10-31,138.09814772988574,1.4738507454114473,45702.586592954794
2021-11-01,139.3951424916374,2.8593742084777625,45841.98173544643
2021-11-02,138.6951294160712,2.9089747873225646,45980.6768648625
2021-11-03,143.99802022542343,2.77495725561956,46124.67488508792
2021-11-04,137.30372578262396,3.154963361122977,46261.978610870545
2021-11-05,139.61215611767363,2.814104241542246,46401.59076698822
2021-11-06,143.92322045426758,1.5301944967049794,46545.513987442486
2021-11-07,142.23682723665758,1.5106481991188492,46687.750814679144
2021-11-08,146.55288415674468,3.17041882839973,46834.30369883589
2021-11-09,142.8712981813949,3.0125337029793107,46977.17499701728
2021-11-10,142.19197557996904,2.823030208498891,47119.36697259725
2021-11-11,143.5148219520591,3.092818735398551,47262.88179454931
2021-11-12,145.839742255423,2.979409994628554,47408.72153680473
2021-11-13,142.166640834109,1.610624848738844,47550.888177638844
2021-11-14,145.49542144676175,1.570918605223669,47696.38359908561
2021-11-15,146.82598729510204,2.8693482049999735,47843.20958638071
2021-11-16,144.15824105257042,3.015335667142148,47987.367827433285
2021-11-17,144.4920848931281,2.9053009598327413,48131.859912326414
2021-11-18,144.82742052020512,3.2171577900251846,48276.68733284662
2021-11-19,144.1641491957879,2.820868580423927,48420.8514820424
2021-11-20,145.50217176963736,1.7179894463400465,48566.35365381204
2021-11-21,143.8413887086291,1.6053863046677255,48710.19504252067
2021-11-22,149.1817001262069,3.0399112063446245,48859.37674264688
2021-11-23,148.5230058119407,3.114541146703756,49007.89974845882
2021-11-24,149.86520526118045,2.9295709400877725,49157.76495372
2021-11-25,148.20819770479716,3.129198924841831,49305.9731514248
2021-11-26,147.55188213900212,2.670278213855944,49453.5250335638
2021-11-27,148.89615735523518,1.5799215105757842,49602.421190919034
2021-11-28,148.24092197011467,1.568622389266155,49750.66211288915
2021-11-29,151.5860744554377,2.8759378220712604,49902.24818734459
2021-11-30,149.93151316822437,3.016621517453621,50052.17970051281
2021-12-01,151.27713638079555,3.100445976322149,50203.45683689361
2021-12-02,150.62284231087548,3.147436209210604,50354.079679204486
2021-12-03,147.96852915171115,3.0932536977564755,50502.048208356195
2021-12-04,150.3140951021982,1.605317823233191,50652.362303458394
2021-12-05,150.65943839700577,1.680956134782856,50803.0217418554
2021-12-06,153.00445733669036,3.09597168432982,50956.02619919209
2021-12-07,158.34905031779041,3.2075632084793764,51114.37524950988
2021-12-08,153.69311586289226,3.1929876076370025,51268.068365372776
2021-12-09,156.0365526506592,3.1021044586070534,51424.10491802343
2021-12-10,153.37925954581377,2.987701259607939,51577.48417756925
2021-12-11,151.72113562906554,1.6292259618231335,51729.20531319831
2021-12-12,154.06208022697476,1.63983197683388,51883.26739342529
2021-12-13,150.4019929417431,3.082215611420922,52033.66938636703
2021-12-14,157.74077368092307,3.164409687892829,52191.410160047955
2021-12-15,156.07832268703694,3.2289343397057273,52347.48848273499
2021-12-16,154.41454056709668,3.1357485213568466,52501.90302330208
2021-12-17,157.7493283220158,3.1509542986966537,52659.6523516241
2021-12-18,152.08258737590492,1.709067203987655,52811.734939
2021-12-19,158.4142196052418,1.666434270348652,52970.14915860524
2021-12-20,154.74412736790788,3.0481213393043367,53124.89328597315
2021-12-21,161.07221353208192,2.9467876863063607,53285.96549950523
2021-12-22,156.398381504983,3.0912196718663383,53442.36388101021
2021-12-23,154.72253526145397,3.249712716690086,53597.08641627167
2021-12-24,157.04457937237652,3.103458326656559,53754.130995644045
2021-12-25,159.3644190329106,1.7072306613638262,53913.49541467696
2021-12-26,155.6819600905484,1.760115482471026,54069.17737476751
2021-12-27,154.9971090729757,3.2825155328695126,54224.174483840485
2021-12-28,161.30977321573175,3.0811731058161067,54385.48425705622
2021-12-29,161.61986048966003,3.3578250011458777,54547.10411754588
2021-12-30,160.92727962814078,3.381464153447368,54708.031397174025
2021-12-31,163.23194015409848,3.09473398319267,54871.26333732812
2022-01-01,162.5337524067755,1.691428294657493,55033.79708973489
2022-01-02,160.83262756826406,1.8360856544096114,55194.629717303156
2022-01-03,162.1284776897889,3.242647923229192,55356.758194992944
2022-01-04,162.42121571773276,2.9798715857120013,55519.179410710676
2022-01-05,163.710755519397,3.093182503656622,55682.89016623007
2022-01-06,162.9970119084895,3.249413988734822,55845.88717813856
2022-01-07,160.27990067033278,3.137318016592854,56006.167078808896
2022-01-08,160.55933858678446,1.7453900128470394,56166.72641739568
2022-01-09,158.83524346086287,1.7801818176206297,56325.56166085654
2022-01-10,163.1075341410703,3.4985749510961686,56488.66919499761
2022-01-11,161.3761305454072,3.27734695108176,56650.04532554302
2022-01-12,167.6409536850698,3.461141235854477,56817.68627922809
2022-01-13,166.90192568782388,3.514033244313441,56984.58820491591
2022-01-14,163.15896982104871,3.5213151330235997,57147.747174736964
2022-01-15,161.4120105144433,1.8191429393760685,57309.15918525141
2022-01-16,162.66097338238893,1.6652843461827072,57471.8201586338
2022-01-17,161.905785245961,3.414285079600221,57633.725943879756
2022-01-18,164.14637415458392,3.49711827468287,57797.87231803434
2022-01-19,164.38266940732245,3.3567032124478784,57962.25498744166
2022-01-20,165.6146015738031,3.6004187923764883,58127.86958901546
2022-01-21,168.84210251475997,3.491745623367864,58296.711691530225
2022-01-22,167.06510540219782,1.8631569982921683,58463.77679693242
2022-01-23,164.28354473916804,1.902798288905204,58628.06034167159
2022-01-24,166.49735637914995,3.442100245802303,58794.55769805074
2022-01-25,167.70647754503287,3.0808761858701725,58962.264175595774
2022-01-26,164.91084684769285,3.346187023055952,59127.175022443465
2022-01-27,170.11040430415872,3.5727928015352344,59297.28542674762
2022-01-28,170.30509135536204,3.3182104894093167,59467.59051810298
2022-01-29,167.4948508834656,1.8308398185990775,59635.085368986445
2022-01-30,166.6796272287656,1.776538576244091,59801.76499621521
2022-01-31,164.85936620616218,3.6729019378445495,59966.624362421375
2022-02-01,169.0340151211937,3.6654068546774217,60135.65837754257
2022-02-02,168.20352278562981,3.337672473505191,60303.8619003282
2022-02-03,169.367839532619,3.4774268192556494,60473.22973986082
2022-02-04,170.52691723138568,3.3754548694928146,60643.756657092206
2022-02-05,166.68070930147303,1.9112367147845177,60810.43736639368
2022-02-06,172.82917072652663,1.9068368156364293,60983.2665371202
2022-02-07,165.9722580676158,3.5859774739696357,61149.23879518782
2022-02-08,164.10992947608776,3.528983130103123,61313.348724663905
2022-02-09,170.24214470595132,3.872744733977316,61483.59086936986
2022-02-10,168.36886512578621,3.3627486751652933,61651.95973449564
2022-02-11,170.49005373017505,3.279164258569514,61822.449788225815
2022-02-12,168.6056751506535,1.8606702493369642,61991.05546337647
2022-02-13,169.71569566617654,1.7811269902076143,62160.77115904265
2022-02-14,166.82008321309706,3.3225617746716436,62327.591242255745
2022-02-15,169.918807394654,3.3912682065836925,62497.5100496504
2022-02-16,169.01183948996717,3.4063314725801552,62666.52188914037
2022-02-17,168.09915246253632,3.406810858922348,62834.621041602906
2022-02-18,170.1807209682416,3.6028917314762383,63004.80176257115
2022-02-19,168.25652136284333,1.8707479833490621,63173.05828393399
2022-02-20,168.32653170897876,1.8960069003641156,63341.38481564297
2022-02-21,169.39073178265355,3.665097416540873,63510.77554742562
2022-02-22,173.44910307922652,3.453491382970302,63684.224650504846
2022-02-23,170.5016288188854,3.522898803591004,63854.72627932373
2022-02-24,169.54829395161224,3.608924095858542,64024.27457327535
2022-02-25,169.58908516163694,3.3129648698695533,64193.86365843698
2022-02-26,169.62399087137774,1.754970555370819,64363.48764930836
2022-02-27,169.653001244867,1.9481913161671844,64533.14065055322
2022-02-28,172.67610819066192,3.6407461748616976,64705.81675874388
2022-03-01,173.693305364239,3.848746219145626,64879.51006410812
2022-03-02,172.70458816987136,3.6044654487384045,65052.214652277995
2022-03-03,168.70995376198877,3.693895981117342,65220.92460603998
2022-03-04,171.7094010460197,3.565235255885459,65392.634007086
2022-03-05,171.70293067871518,1.9559627861828208,65564.33693776472
2022-03-06,169.69054506795447,2.0535418034538995,65734.02748283267
2022-03-07,171.67224837203253,3.3238696845485087,65905.6997312047
2022-03-08,174.64804649842952,3.6566669452906,66080.34777770314
2022-03-09,171.61794710206271,3.8833267597676837,66251.9657248052
2022-03-10,169.58195958302122,3.6450633289100454,66421.54768438822
2022-03-11,171.5400950837844,3.8255657051935086,66593.087779472
2022-03-12,172.49236648592458,1.9016733922227123,66765.58014595792
2022-03-13,169.43878840629523,1.9447553569333735,66935.01893436421
2022-03-14,168.37937719270556,3.6224826011173947,67103.39831155691
2022-03-15,169.31415091908303,3.331998311107215,67272.712462476
2022-03-16,170.24312938012483,3.4704732220866847,67442.95559185612
2022-03-17,168.16633408544047,3.4816835873574137,67611.12192594157
2022-03-18,170.0837882531867,3.7329761911029595,67781.20571419476
2022-03-19,167.9955168031967,2.0144957870632774,67949.20123099796
2022-03-20,169.9015463496062,1.9769930102116975,68119.10277734757
2022-03-21,169.80190519297773,3.738061958070261,68288.90468254054
2022-03-22,169.6966233119261,3.6109713064242355,68458.60130585247
2022-03-23,170.5857323542472,3.7898308638214355,68629.18703820671
2022-03-24,170.46926562755294,3.635877753608415,68799.65630383427
2022-03-25,170.34725808941505,3.6432992421646104,68970.00356192369
2022-03-26,169.2197463370204,1.9396339716987192,69139.22330826071
2022-03-27,171.08676859634153,2.006574796534422,69310.31007685706
2022-03-28,166.94836471082476,3.583460040072959,69477.25844156789
2022-03-29,168.8045761296,3.7657354835604457,69646.06301769748
2022-03-30,170.65544589521525,3.492088482524696,69816.7184635927
2022-03-31,165.50101863089964,3.496762033370499,69982.21948222359
2022-04-01,171.3413405273586,3.7292246051533513,70153.56082275095
2022-04-02,167.1764593291055,1.9537920736949723,70320.73728208005
2022-04-03,165.00642432033302,1.9282216535308665,70485.74370640039
2022-04-04,167.83128631032938,3.7555882692008713,70653.57499271072
2022-04-05,167.65109761844283,3.560713217193348,70821.22609032916
2022-04-06,166.46591205859986,3.6132921691762037,70987.69200238776
2022-04-07,168.27578492338034,3.820763891397178,71155.96778731114
2022-04-08,170.080772967656,3.8383836173058534,71326.0485602788
2022-04-09,165.88093439179542,2.0687815245877985,71491.92949467059
2022-04-10,164.67632882444175,1.9385347500521724,71656.60582349503
2022-04-11,167.4670173048677,3.7958904803864786,71824.0728407999
2022-04-12,165.25306226491284,3.5115078287300325,71989.3259030648
2022-04-13,163.0345275105092,3.515833026500619,72152.36043057531
2022-04-14,163.81147820279998,3.3269162912487937,72316.17190877811
2022-04-15,161.58398083885731,3.8485803895429407,72477.75588961696
2022-04-16,169.35210323200477,1.8939357975326048,72647.10799284896
2022-04-17,165.1159144917502,1.9446992605344502,72812.22390734071
2022-04-18,162.8754850033353,3.507986403396711,72975.09939234404
2022-04-19,163.6308864069073,3.714883679940256,73138.73027875095
2022-04-20,162.38219157631957,3.5737526273894247,73301.11247032728
2022-04-21,163.12947459756708,3.450921359254949,73464.24194492484
2022-04-22,164.87281074686314,3.6758165891009087,73629.1147556717
2022-04-23,162.61227646836394,1.846793543352707,73791.72703214007
2022-04-24,160.34794935154764,1.8872630719986712,73952.07498149162
2022-04-25,164.07990810825416,3.3374121819053584,74116.15488959987
2022-04-26,160.80823254939324,3.4236141842438967,74276.96312214926
2022-04-27,163.53300356132706,3.629252349310874,74440.49612571059
2022-04-28,159.2543030819347,3.347863331694679,74599.75042879253
2022-04-29,164.97221407636533,3.407808998597163,74764.72264286889
2022-04-30,159.68682051248754,1.936873741006968,74924.40946338138
2022-05-01,162.398207336042,1.897317022638292,75086.80767071742
2022-05-02,160.1064604455043,3.850019004541454,75246.91413116292
2022-05-03,160.8116666666667,3.8261564584591006,75407.72579782958
2022-05-04,161.5139137269445,3.4715157072959726,75569.23971155653
2022-05-05,156.21329022941657,3.6532702995734994,75725.45300178594
2022-05-06,159.9098856266058,3.67464802171118,75885.36288741254
2022-05-07,161.60379019400892,1.8823921210484753,76046.96667760656
2022-05-08,160.2950950033826,1.817484973360739,76207.26177260994
2022-05-09,159.98389189579356,3.564262521010325,76367.24566450574
2022-05-10,160.6702734544417,3.5394095966826344,76527.91593796018
2022-05-11,157.35433297726286,3.5011560746184944,76685.27027093744
2022-05-12,156.03616444932075,3.6111414923147658,76841.30643538677
2022-05-13,160.71586251499505,3.4517904387216514,77002.02229790176
2022-05-14,156.39352244997482,1.828228770147678,77158.41582035173
2022-05-15,157.0692401330647,1.9141185305354036,77315.48506048479
2022-05-16,156.743112017813,3.5862699738696047,77472.2281725026
2022-05-17,154.41523510396937,3.3785284506246414,77626.64340760656
2022-05-18,160.08570690878108,3.6474592061581133,77786.72911451534
2022-05-19,158.75462543813623,3.2918781004450355,77945.48373995347
2022-05-20,156.42208915756206,3.442038619144983,78101.90582911104
2022-05-21,153.08819696308743,1.8731601068265447,78254.99402607413
2022-05-22,154.75304815197796,1.8439906069377443,78409.7470742261
2022-05-23,154.41674239335242,3.42872512168972,78564.16381661946
2022-05-24,154.07937969868883,3.7402679572431214,78718.24319631814
2022-05-25,151.74106039222977,3.381185534618962,78869.98425671038
2022-05-26,155.40188508129447,3.8038599291181767,79025.38614179168
2022-05-27,151.0619546265077,3.53795824108271,79176.44809641819
2022-05-28,147.72137011195352,1.8779714081061352,79324.16946653013
2022-05-29,153.3802328152627,1.9019003968440384,79477.5496993454
2022-05-30,153.03864417764325,3.7935104132689283,79630.58834352305
2022-05-31,150.6967057738621,3.32981952071213,79781.28504929692
2022-06-01,151.3545192821877,3.3076372446179985,79932.6395685791
2022-06-02,155.0121864543016,3.3494037741344727,80087.65175503341
2022-06-03,150.66980908518875,3.4459013402105043,80238.3215641186
2022-06-04,149.3274889830144,1.729270362860443,80387.64905310162
2022-06-05,147.98532793899776,1.8484474995903235,80535.63438104061
2022-06-06,150.64342769728995,3.6441094744906457,80686.2778087379
2022-06-07,146.3018899248667,3.437601211404152,80832.57969866277
2022-06-08,149.96081618144314,3.373789354720303,80982.54051484421
2022-06-09,149.6203078894208,3.3253499292170328,81132.16082273363
2022-06-10,149.280466303875,3.516343554969244,81281.4412890375
2022-06-11,147.94139248259188,1.769363490609202,81429.38268152009
2022-06-12,145.6031872561639,1.953048506491556,81574.98586877625
2022-06-13,146.26595119815215,3.6320944081716333,81721.2518199744
2022-06-14,145.92978459532534,3.4077955786674994,81867.18160456972
2022-06-15,146.59478741798313,3.366544529983755,82013.7763919877
2022-06-16,145.26105929037334,3.4956158527209538,82159.03745127808
2022-06-17,144.92869946121155,3.497509436019002,82303.96615073929
2022-06-18,145.5978067743119,1.7467321483506564,82449.5639575136
2022-06-19,145.26847963933741,1.7627901347788855,82594.83243715295
2022-06-20,144.94081600267927,3.163768040286536,82739.77325315562
2022-06-21,146.61491331847256,3.3822942287396423,82886.38816647409
2022-06-22,142.2908685197583,3.409196579932309,83028.67903499385
2022-06-23,140.96877798979932,3.1404423262274626,83169.64781298365
2022-06-24,142.64873753355883,3.2501349950552445,83312.2965505172
2022-06-25,142.33084234935026,1.684053800095778,83454.62739286655
2022-06-26,144.01518700066654,1.711862156307476,83598.64257986721
2022-06-27,140.7018653881973,3.3609802082764064,83739.34444525541
2022-06-28,142.39097072204189,3.187315117191078,83881.73541597745
2022-06-29,142.08259549412745,3.2368705400639137,84023.81801147158
2022-06-30,141.77683145083859,3.0577298309210206,84165.59484292242
2022-07-01,141.47376956586848,3.286885818657035,84307.06861248829
2022-07-02,139.1735000132982,1.7500616936319964,84446.2421125016
2022-07-03,145.87611214091268,1.698521289219896,84592.11822464252
2022-07-04,140.58169444376136,3.217881048962132,84732.69991908628
2022-07-05,139.29033453797106,3.2591850006090812,84871.99025362426
2022-07-06,139.00211913481886,3.123111783059001,85010.99237275908
2022-07-07,141.717134015073,3.030434688998013,85152.70950677415
2022-07-08,137.43546400360887,3.4503858556976708,85290.14497077775
2022-07-09,140.15719294430795,1.6835852109868874,85430.30216372205
2022-07-10,135.88240367524716,1.71755206306717,85566.1845673973
2022-07-11,137.6111780041856,3.3270762929502573,85703.79574540148
2022-07-12,137.34359668435644,3.6478091480400603,85841.13934208584
2022-07-13,137.07973939057064,3.0206316228485046,85978.2190814764
2022-07-14,140.81968469564,3.234295286326534,86119.03876617205
2022-07-15,137.56351004712607,3.0772607903835683,86256.60227621917
2022-07-16,140.3112917444223,1.6652723145822466,86396.9135679636
2022-07-17,137.06310491617577,1.6490591026417571,86533.97667287977
2022-07-18,138.81902349805532,3.0033330898046,86672.79569637783
2022-07-19,139.57912021087301,3.1378323877801777,86812.3748165887
2022-07-20,134.34346653906465,2.945078548449306,86946.71828312776
2022-07-21,135.11213270953647,3.253446022749956,87081.83041583729
2022-07-22,136.88518767088397,3.1311439652189237,87218.71560350817
2022-07-23,134.66269907298872,1.7083122871062897,87353.37830258116
2022-07-24,134.44473324699985,1.6427211704724083,87487.82303582816
2022-07-25,136.23135518570547,3.0573859105421306,87624.05439101387
2022-07-26,132.0226285243003,3.136298615684061,87756.07701953816
2022-07-27,133.81861552155507,2.9414263202132793,87889.89563505971
2022-07-28,131.61937704139297,3.0400982723120666,88021.51501210111
2022-07-29,137.42497253487923,2.968819740072805,88158.93998463599
2022-07-30,136.23546002262847,1.5931882382786051,88295.17544465861
2022-07-31,131.05089607763549,1.5046271983385053,88426.22634073625
2022-08-01,133.87133580853444,3.2367872882657824,88560.09767654478
2022-08-02,134.69683284329133,2.9675684325493097,88694.79450938807
2022-08-03,135.5274393133345,3.2022581619790613,88830.3219487014
2022-08-04,135.36320583812824,3.184221962535434,88965.68515453953
2022-08-05,135.20418151019356,2.872419265102566,89100.88933604973
2022-08-06,134.0504138805811,1.5574936964900612,89234.93974993032
2022-08-07,132.90194894479978,1.8099273173040278,89367.84169887511
2022-08-08,132.7588311292062,3.2505605941158744,89500.60053000432
2022-08-09,135.62110327785794,3.013422022676817,89636.22163328217
2022-08-10,134.4888066398356,3.045625935728942,89770.71043992201
2022-08-11,131.3619808570362,2.9248757804800274,89902.07242077905
2022-08-12,132.2406639524429,3.0578819880769874,90034.31308473149
2022-08-13,135.12489231887298,1.5633187734400573,90169.43797705036
2022-08-14,132.01470070820892,1.468531485922592,90301.45267775857
2022-08-15,128.9101222211146,2.814691805584143,90430.36279997969
2022-08-16,129.8111882972403,2.984329399600107,90560.17398827693
2022-08-17,133.7179287059193,2.829721313936881,90693.89191698286
2022-08-18,129.63037153735854,2.9632675523820105,90823.52228852022
2022-08-19,134.54854319432636,2.827643516604428,90958.07083171455
2022-08-20,127.47246838433944,1.5405723369938533,91085.54330009889
2022-08-21,131.4021701123514,1.6526380108919676,91216.94547021124
2022-08-22,129.33766967394547,2.9860366513801626,91346.28313988518
2022-08-23,131.2789866490325,2.948286229419531,91477.56212653422
2022-08-24,131.22613889605725,3.059575254870083,91608.78826543028
2022-08-25,128.17914254671345,3.003646552377913,91736.96740797699
2022-08-26,133.1380120011705,3.1251695485018445,91870.10541997816
2022-08-27,128.10275992381202,1.5472025095956932,91998.20817990198
2022-08-28,130.07339723948834,1.5472371802240403,92128.28157714148
2022-08-29,131.04993313028365,2.7563789539076793,92259.33151027176
2022-08-30,130.0323750327988,2.866081816968904,92389.36388530456
2022-08-31,130.02072863595083,3.0436926532439412,92519.3846139405
2022-09-01,131.0149978792894,3.0837923456204166,92650.3996118198
2022-09-02,130.01518495183115,3.0362542721714476,92780.41479677163
2022-09-03,130.02129029141173,1.440325634262133,92910.43608706303
2022-09-04,131.0333125845564,1.6400279824499167,93041.46939964758
2022-09-05,133.05124876686867,2.6628740273080833,93174.52064841446
2022-09-06,132.07509402393717,3.01566378720756,93306.5957424384
2022-09-07,132.10484179276014,2.8482275269686097,93438.70058423116
2022-09-08,134.14048376368768,2.9846045691875043,93572.84106799486
2022-09-09,131.18200988288066,2.7173982366991787,93704.02307787773
2022-09-10,128.22940835528576,1.6370932011967763,93832.25248623302
2022-09-11,130.28266564812597,1.4512465527414156,93962.53515188114
2022-09-12,132.34176649490493,2.796382307736111,94094.87691837605
2022-09-13,129.40669389992476,2.7513002222335423,94224.28361227598
2022-09-14,129.47742914331522,2.6508757481670733,94353.76104141929
2022-09-15,131.5539517865732,2.8892114227715617,94485.31499320586
2022-09-16,131.63623967861096,3.1098148837891078,94616.95123288447
2022-09-17,132.72426896231084,1.7338097530362662,94749.67550184678
2022-09-18,128.81801408158498,1.5530242452025518,94878.49351592836
2022-09-19,132.91744778893786,3.0151610966025775,95011.4109637173
2022-09-20,131.02254115352926,2.8987121833157814,95142.43350487083
2022-09-21,130.13326356973528,2.9320549254327073,95272.56676844056
2022-09-22,131.24958276620507,2.8214942918401427,95403.81635120677
2022-09-23,129.3714648154105,2.890220762750739,95533.18781602218
2022-09-24,133.49887414368573,1.579702981715621,95666.68669016587
2022-09-25,135.63177354175428,1.5011109571695755,95802.31846370762
2022-09-26,132.77012417573954,2.8521329032492218,95935.08858788337
2022-09-27,133.91388559865658,2.85395590650035,96069.00247348202
2022-09-28,133.0630157623809,2.9684438610231143,96202.0654892444
2022-09-29,133.2174710300913,2.722001963234826,96335.28296027449
2022-09-30,134.37720618918257,2.853575608028306,96469.66016646367
2022-10-01,132.54217446464477,1.673884197622285,96602.20234092831
2022-10-02,132.71232753290454,1.621485303053505,96734.91466846122
2022-10-03,133.88761553612497,3.035431370091559,96868.80228399734
2022-10-04,134.06798709695929,2.86336569400538,97002.8702710943
2022-10-05,133.2533893337542,2.9021860502898145,97136.12366042806
2022-10-06,133.44376787619854,2.991129153138563,97269.56742830426
2022-10-07,136.6390668814121,3.0641689139259736,97406.20649518567
2022-10-08,134.83922905047075,1.4044366926438037,97541.04572423614
2022-10-09,134.04419564536178,1.449359513159498,97675.0899198815
2022-10-10,133.25390650636572,3.033744472568121,97808.34382638786
2022-10-11,139.46830006985826,2.828477191923652,97947.81212645772
2022-10-12,136.68731338652822,2.778219258056463,98084.49943984425
2022-10-13,136.9108821400051,2.703685951860261,98221.41032198425
2022-10-14,135.1389406658914,2.795872045161061,98356.54926265014
2022-10-15,138.3714219711936,1.4469143114938519,98494.92068462133
2022-10-16,137.6082577541467,1.6922768289482968,98632.52894237549
2022-10-17,137.8493784244257,2.8696760321311117,98770.37832079991
2022-10-18,134.0947131237385,2.866805978499927,98904.47303392364
2022-10-19,138.34418974679397,2.95264751071266,99042.81722367044
2022-10-20,136.59773496263918,3.0032710231182054,99179.41495863308
2022-10-21,139.85527423635904,3.0032102512564807,99319.27023286943
2022-10-22,141.11673185113253,1.6272327614944948,99460.38696472056
2022-10-23,139.38203093063845,1.5091567889718038,99599.76899565119
2022-10-24,136.65109346180452,2.8484119026126664,99736.42008911299
2022-10-25,137.92384031789234,2.989620994884738,99874.34392943088
2022-10-26,139.20019128191262,2.8237052283701036,100013.54412071279
2022-10-27,137.48006507036257,2.8943267302290083,100151.02418578316
2022-10-28,139.76337935727886,2.949659720772329,100290.78756514043
2022-10-29,143.05005079859944,1.6169076789935903,100433.83761593903
2022-10-30,143.33999505682618,1.439142580004365,100577.17761099586
2022-10-31,140.63312682598183,2.999848672980583,100717.81073782184
2022-11-01,140.92935985685327,2.879788980913956,100858.74009767869
2022-11-02,144.22860698251426,3.005484541031214,101002.96870466121
2022-11-03,141.53078014411938,3.0179576601227307,101144.49948480533
2022-11-04,140.83579041696217,3.1295255524777863,101285.3352752223
2022-11-05,140.14354803678907,1.6692755307294889,101425.4788232591
2022-11-06,144.45396242636258,1.670804401090027,101569.93278568545
2022-11-07,141.76694222226428,3.1193745972395357,101711.69972790772
2022-11-08,142.08239530193057,2.9735002273379068,101853.78212320965
2022-11-09,143.4002288109136,2.9438215540065444,101997.18235202057
2022-11-10,141.72034919035804,3.057212088144025,102138.90270121093
2022-11-11,144.0426622046869,3.0431153911812334,102282.94536341561
2022-11-12,143.36707296948717,1.5680294214611237,102426.3124363851
2022-11-13,145.69348597958773,1.6203582720158467,102572.00592236468
2022-11-14,145.02180513732094,2.9565105230644897,102717.027727502
2022-11-15,145.3519337809594,2.854610599780494,102862.37966128296
2022-11-16,142.68377471331956,3.13801474045458,103005.06343599629
2022-11-17,146.01723023052432,2.982146492892224,103151.08066622682
2022-11-18,144.35220215091482,3.2460997977786357,103295.43286837773
2022-11-19,144.688591844104,1.4933319843853836,103440.12146022184
2022-11-20,147.02630026016325,1.5708103409702574,103587.147760482
2022-11-21,146.36522795893248,2.9988761721746386,103733.51298844093
2022-11-22,145.70527513944637,3.147600911539965,103879.21826358038
2022-11-23,147.04634166946676,3.056854688285102,104026.26460524985
2022-11-24,145.38832711511367,3.0505399509179196,104171.65293236496
2022-11-25,149.73113077058522,2.8689599899123026,104321.38406313554
2022-11-26,151.07465168795812,1.5456522751544968,104472.4587148235
2022-11-27,147.41878870705958,1.652155101459166,104619.87750353056
2022-11-28,149.76344048540253,2.85455781414474,104769.64094401596
2022-11-29,149.1085055281744,2.9683411812018625,104918.74944954414
2022-11-30,151.4538822182708,3.108261123441079,105070.2033317624
2022-12-01,151.79946884636612,2.9211575098328786,105222.00280060877
2022-12-02,148.14516364101064,3.263333255565932,105370.14796424977
2022-12-03,148.4908647987465,1.733622063115617,105518.63882904852
2022-12-04,151.8364705142326,1.541119309481747,105670.47529956275
2022-12-05,149.1818790103711,2.9511006074715254,105819.65717857312
2022-12-06,154.52698856842434,2.7811559606574985,105974.18416714155
2022-12-07,151.8716975581153,2.982619065387496,106126.05586469967
2022-12-08,153.21590446770156,3.1900844012916414,106279.27176916736
2022-12-09,155.5595079340143,3.0427927259180096,106434.83127710137
2022-12-10,153.90240677245333,1.7029886854421372,106588.73368387383
2022-12-11,156.24450000692903,1.5675263125382572,106744.97818388075
2022-12-12,150.5856868997431,3.2190363811214824,106895.56387078049
2022-12-13,152.9258669813983,3.0494511003465163,107048.48973776189
2022-12-14,154.26494008032896,3.129551051723596,107202.75467784223
2022-12-15,159.60280635254335,3.1222851118335897,107362.35748419477
2022-12-16,154.9393663111693,2.975481513379009,107517.29685050594
2022-12-17,156.2745208558939,1.6139513390912845,107673.57137136183
2022-12-18,157.6081713022886,1.7659057214892082,107831.17954266412
2022-12-19,157.9402194110119,3.2121101373917353,107989.11976207513
2022-12-20,155.2705674168798,3.3032893342397838,108144.39032949202
2022-12-21,155.5991180577961,3.2155549566358026,108299.98944754981
2022-12-22,157.92577460353363,3.1985272778781764,108457.91522215334
2022-12-23,160.25044088435868,2.962166956585208,108618.1656630377
2022-12-24,159.5730213194889,1.7004773070167942,108777.73868435719
2022-12-25,159.8934209453771,1.721064383374136,108937.63210530256
2022-12-26,158.21154544381275,3.4603866049368945,109095.84365074638
2022-12-27,161.52730116983213,3.3024601900553296,109257.37095191621
2022-12-28,158.84059517942944,3.4195278430090785,109416.21154709563
2022-12-29,163.15133525706017,3.304212777519452,109579.3628823527
2022-12-30,160.45942994292955,3.1407633869156166,109739.82231229563
2022-12-31,160.76478856005676,1.7527805329282657,109900.58710085569
