Date,Population_Millions,Urban_Density,Total_Households
2021-01-01,29.984018756481163,11493.873856651113,7139052.0848764675
2021-01-02,30.006248269915176,11502.395170134152,7144344.82617028
2021-01-03,30.023496270929687,11509.00690385638,7148451.493078496
2021-01-04,29.99124815428623,11496.64512580972,7140773.37006815
2021-01-05,30.008403763841255,11503.221442805814,7144858.039009822
2021-01-06,30.001513776422634,11500.580280962009,7143217.565814912
2021-01-07,30.0140194545052,11505.374124226993,7146195.108215523
2021-01-08,30.011579132672107,11504.43866752431,7145614.079207645
2021-01-09,30.006599946478968,11502.529979483605,7144428.558685468
2021-01-10,30.01952078731117,11507.482968469281,7147504.9493598025
2021-01-11,30.03431288267972,11513.153271693893,7151026.876828505
2021-01-12,30.015987789015124,11506.128652455796,7146663.759289315
2021-01-13,30.02672191994034,11510.243402643797,7149219.504747699
2021-01-14,30.00821921276732,11503.150698227471,7144814.098277933
2021-01-15,30.013215268650512,11505.065852982696,7146003.635392979
2021-01-16,30.029131473520437,11511.1670648495,7149793.207981056
2021-01-17,30.040876437604997,11515.669301081916,7152589.62800119
2021-01-18,30.031219365645338,11511.967423497379,7150290.325153652
2021-01-19,30.026160694954736,11510.028266399315,7149085.879751128
2021-01-20,30.030912320686095,11511.84972292967,7150217.219210975
2021-01-21,30.02004354893827,11507.683360426336,7147629.4164138725
2021-01-22,30.040221087466616,11515.41808352887,7152433.592253956
2021-01-23,30.044627661035157,11517.107270063476,7153482.776436942
2021-01-24,30.032911911581024,11512.616232772725,7150693.312281196
2021-01-25,30.034360966222543,11513.17170371864,7151038.325291081
2021-01-26,30.043348831085574,11516.617051916137,7153178.293115612
2021-01-27,30.037951600820485,11514.548113647852,7151893.238290591
2021-01-28,30.043286309734185,11516.593085398103,7153163.407079567
2021-01-29,30.066573779784157,11525.519948917261,7158708.042805752
2021-01-30,30.044735319214368,11517.148539032174,7153508.409336753
2021-01-31,30.045251277353028,11517.346322985328,7153631.256512626
2021-02-01,30.043988451795162,11516.862239854812,7153330.583760752
2021-02-02,30.059535068876443,11522.821776402636,7157032.159256295
2021-02-03,30.051910275075628,11519.898938778992,7155216.7321608635
2021-02-04,30.0488582424122,11518.728992924676,7154490.057717191
2021-02-05,30.070194557451767,11526.907913689845,7159570.132726611
2021-02-06,30.072807179858614,11527.909418945801,7160192.185680622
2021-02-07,30.05423663519613,11520.790710158517,7155770.62742765
2021-02-08,30.04320528074034,11516.562024283798,7153144.114461986
2021-02-09,30.07357571491793,11528.204024051873,7160375.170218554
2021-02-10,30.058284265897548,11522.342301927394,7156734.349023226
2021-02-11,30.074666894657128,11528.622309618566,7160634.974918364
2021-02-12,30.04868976337829,11518.66440929501,7154449.943661498
2021-02-13,30.07894702621266,11530.263026714854,7161654.053860157
2021-02-14,30.059539673200256,11522.82354139343,7157033.255523871
2021-02-15,30.08058946174106,11530.892627000738,7162045.109938348
2021-02-16,30.07505506768481,11528.771109279178,7160727.397067811
2021-02-17,30.06700354767206,11525.684693274288,7158810.368493347
2021-02-18,30.07410327200464,11528.406254268446,7160500.779048723
2021-02-19,30.086667601384466,11533.222580530712,7163492.28604392
2021-02-20,30.082494231444937,11531.622788720559,7162498.626534509
2021-02-21,30.088910375240086,11534.082310508698,7164026.2798190685
2021-02-22,30.104461698229585,11540.043650988007,7167728.975768949
2021-02-23,30.070686011648665,11527.096304465322,7159687.145630634
2021-02-24,30.104131777333883,11539.91718131132,7167650.423174733
2021-02-25,30.090634523219716,11534.743233900892,7164436.7912427895
2021-02-26,30.08223452406821,11531.523234226148,7162436.791444812
2021-02-27,30.07955071745247,11530.494441690114,7161797.789869635
2021-02-28,30.09259422741676,11535.494453843092,7164903.387480181
2021-03-01,30.105333598519497,11540.377879432473,7167936.57107607
2021-03-02,30.096473360738052,11536.981454949586,7165826.990651918
2021-03-03,30.114492244256517,11543.888693631665,7170117.201013456
2021-03-04,30.086500869541194,11533.158666657457,7163452.587985998
2021-03-05,30.10252375693114,11539.300773490271,7167267.561174081
2021-03-06,30.091752820418403,11535.17191449372,7164703.052480572
2021-03-07,30.109545270631553,11541.992353742096,7168939.350150369
2021-03-08,30.116410111143672,11544.623875938407,7170573.835986588
2021-03-09,30.10496599324272,11540.236964076375,7167849.046010171
2021-03-10,30.08476393505431,11532.492841770818,7163039.032155788
2021-03-11,30.114428106038623,11543.864107314806,7170101.930009196
2021-03-12,30.118438649551894,11545.401482328227,7171056.8213218795
2021-03-13,30.119746939566706,11545.902993500571,7171368.318944453
2021-03-14,30.12969463044126,11549.716275002484,7173736.816771728
2021-03-15,30.108259176760722,11541.49935109161,7168633.137323981
2021-03-16,30.127404868178914,11548.838532801918,7173191.635280694
2021-03-17,30.1341608643542,11551.428331335777,7174800.2057986185
2021-03-18,30.106083084036996,11540.665182214183,7168115.020008808
2021-03-19,30.12869873733132,11549.334515977007,7173499.6993646
2021-03-20,30.122093768509338,11546.802611261912,7171927.087740318
2021-03-21,30.127953776392708,11549.048947617206,7173322.32771255
2021-03-22,30.13387929282525,11551.320395583012,7174733.164958392
2021-03-23,30.1271638557815,11548.746144716242,7173134.251376547
2021-03-24,30.126912762635214,11548.6498923435,7173074.467294099
2021-03-25,30.135645158182143,11551.997310636489,7175153.609090987
2021-03-26,30.1260650537801,11548.324937282372,7172872.631852404
2021-03-27,30.127713229627183,11548.956738023753,7173265.054673139
2021-03-28,30.14699927008354,11556.349720198692,7177856.969067509
2021-03-29,30.13035174183578,11549.968167703717,7173893.271865661
2021-03-30,30.150137040730087,11557.552532279868,7178604.057316687
2021-03-31,30.149734150788223,11557.398091135487,7178508.131140052
2021-04-01,30.129484581320323,11549.635756172791,7173686.805076267
2021-04-02,30.14160150144807,11554.280575555093,7176571.786059064
2021-04-03,30.161952829984564,11562.08191816075,7181417.340472515
2021-04-04,30.141834757249626,11554.369990279025,7176627.323154673
2021-04-05,30.148637135173935,11556.977568483342,7178246.936946175
2021-04-06,30.15953664059943,11561.155712229784,7180842.057285578
2021-04-07,30.164384879268308,11563.01420371952,7181996.399825787
2021-04-08,30.1556706164671,11559.673736312388,7179921.5753493095
2021-04-09,30.15384602318098,11558.974308886043,7179487.148376424
2021-04-10,30.175680032198343,11567.344012342699,7184685.721951987
2021-04-11,30.1804806273307,11569.184240476769,7185828.720793023
2021-04-12,30.174515596974626,11566.897645506939,7184408.475470149
2021-04-13,30.16721567233407,11564.099341061392,7182670.398174779
2021-04-14,30.159915396805946,11561.300902108946,7180932.237334749
2021-04-15,30.161329261747866,11561.842883670017,7181268.87184473
2021-04-16,30.176494587339118,11567.656258479996,7184879.66365217
2021-04-17,30.17708925765512,11567.884215434464,7185021.251822647
2021-04-18,30.188557179227036,11572.28025203703,7187751.7093397705
2021-04-19,30.182681700770647,11570.027985295414,7186352.785897773
2021-04-20,30.16278249207658,11562.399955296023,7181614.879065852
2021-04-21,30.189968955226284,11572.821432836743,7188087.846482448
2021-04-22,30.171105145441594,11565.590305752612,7183596.463200379
2021-04-23,30.178882400376505,11568.571586810995,7185448.190565835
2021-04-24,30.186860565260258,11571.629883349766,7187347.753633394
2021-04-25,30.205951776922515,11578.94818115363,7191893.280219645
2021-04-26,30.218730915141705,11583.84685080432,7194935.9321765965
2021-04-27,30.195335676464847,11574.878675978192,7189365.637253535
2021-04-28,30.189073284717765,11572.478092475143,7187874.591599467
2021-04-29,30.19788720116574,11575.856760446866,7189973.1431347
2021-04-30,30.203055681464917,11577.838011228218,7191203.733682123
2021-05-01,30.19260952222995,11573.83365018815,7188716.5529118925
2021-05-02,30.215405472082896,11582.572097631777,7194144.160019737
2021-05-03,30.201391314917654,11577.200004051767,7190807.455932775
2021-05-04,30.20570537578716,11578.85372738508,7191834.613282657
2021-05-05,30.209024613760647,11580.126101941582,7192624.908038249
2021-05-06,30.20821875246825,11579.817188446163,7192433.036301964
2021-05-07,30.214029895271782,11582.044793187517,7193816.641731377
2021-05-08,30.201105651094387,11577.09049958618,7190739.4407367585
2021-05-09,30.203332946905768,11577.944296313879,7191269.749263278
2021-05-10,30.199552292398295,11576.495045419346,7190369.593428166
2021-05-11,30.21658680611922,11583.0249423457,7194425.4300283855
2021-05-12,30.221619206740197,11584.95402925041,7195623.620652428
2021-05-13,30.220045707070508,11584.35085437703,7195248.97787393
2021-05-14,30.23385112826305,11589.642932500836,7198535.982919774
2021-05-15,30.218688558083358,11583.830613931954,7194925.847162704
2021-05-16,30.227070337995954,11587.043629565116,7196921.509046655
2021-05-17,30.21110440467814,11580.92335512662,7193120.096351937
2021-05-18,30.219788997250223,11584.25244894592,7195187.856488148
2021-05-19,30.232254041526815,11589.030715918612,7198155.724173051
2021-05-20,30.235428443580354,11590.247570039135,7198911.534185798
2021-05-21,30.22563660036843,11586.494030141232,7196580.142944864
2021-05-22,30.229499213553844,11587.974698528973,7197499.812750914
2021-05-23,30.216675493692993,11583.05893924898,7194446.546117379
2021-05-24,30.22992305310395,11588.137170356513,7197600.726929512
2021-05-25,30.24403637956909,11593.547278834818,7200961.042754544
2021-05-26,30.242523889791308,11592.967491086669,7200600.926140787
2021-05-27,30.2434178774197,11593.310186344219,7200813.780338023
2021-05-28,30.240548426537455,11592.210230172692,7200130.5777470125
2021-05-29,30.241760879600623,11592.675003846907,7200419.257047767
2021-05-30,30.236726683862045,11590.745228813785,7199220.639014772
2021-05-31,30.251957915599828,11596.583867646601,7202847.122761863
2021-06-01,30.2508191858861,11596.147354589673,7202575.996639547
2021-06-02,30.253169558874756,11597.04833090199,7203135.609255894
2021-06-03,30.244629024833806,11593.774459519625,7201102.148769953
2021-06-04,30.229996035845275,11588.165147074023,7197618.103772684
2021-06-05,30.264141172867703,11601.25411626595,7205747.898301834
2021-06-06,30.25002154082376,11595.841590649106,7202386.081148514
2021-06-07,30.247822516309405,11594.99863125194,7201862.503883191
2021-06-08,30.26502551057211,11601.593112385974,7205958.454898121
2021-06-09,30.25581113149887,11598.060933741235,7203764.555118778
2021-06-10,30.2719712471304,11604.255644733319,7207612.201697714
2021-06-11,30.269182657129186,11603.186685232855,7206948.251697425
2021-06-12,30.271489094165336,11604.070819430046,7207497.403372698
2021-06-13,30.252634736082477,11596.843315498283,7203008.270495827
2021-06-14,30.280054714275586,11607.354307138974,7209536.836732282
2021-06-15,30.272188849932192,11604.339059140673,7207664.011888618
2021-06-16,30.267524732401252,11602.551147420481,7206553.507714584
2021-06-17,30.274292636621535,11605.145510704922,7208164.913481317
2021-06-18,30.2567377367589,11598.416132424245,7203985.175418785
2021-06-19,30.280228043332663,11607.420749944185,7209578.105555396
2021-06-20,30.26748931526102,11602.537570850058,7206545.075062147
2021-06-21,30.265897931609235,11601.927540450208,7206166.174192674
2021-06-22,30.265842735734992,11601.906382031748,7206153.032317854
2021-06-23,30.29383499348607,11612.636747502993,7212817.855591921
2021-06-24,30.278057346952565,11606.58864966515,7209061.273083944
2021-06-25,30.30132921816113,11615.509533628432,7214602.194800268
2021-06-26,30.282275975627883,11608.205790657355,7210065.708482829
2021-06-27,30.272202548907725,11604.344310414626,7207667.273549458
2021-06-28,30.27975311134304,11607.2386926815,7209465.026510248
2021-06-29,30.304918788239924,11616.88553549197,7215456.854342839
2021-06-30,30.292644095601098,11612.180236647087,7212534.308476451
2021-07-01,30.290362698804287,11611.30570120831,7211991.118762925
2021-07-02,30.29908833746938,11614.650529363262,7214068.651778423
2021-07-03,30.304148655071963,11616.590317777587,7215273.489302848
2021-07-04,30.311947577431333,11619.57990468201,7217130.375578889
2021-07-05,30.31690143220069,11621.478882343597,7218309.864809688
2021-07-06,30.30046169314557,11615.176982372468,7214395.641225136
2021-07-07,30.29244193152143,11612.102740416549,7212486.174171769
2021-07-08,30.30321087463172,11616.230835275494,7215050.208245648
2021-07-09,30.311591538256224,11619.44342299822,7217045.60434672
2021-07-10,30.3009944399673,11615.381201987464,7214522.4857065
2021-07-11,30.302703905215868,11616.036496999417,7214929.501241873
2021-07-12,30.317356767416975,11621.65342750984,7218418.277956422
2021-07-13,30.315075928428488,11620.779105897587,7217875.221054402
2021-07-14,30.31753407435192,11621.721395168237,7218460.493893313
2021-07-15,30.311264892620137,11619.31820883772,7216967.8315762235
2021-07-16,30.318189669514975,11621.972706647406,7218616.587979756
2021-07-17,30.31289526502964,11619.943184928026,7217356.015483247
2021-07-18,30.33268358952908,11627.52870931948,7222067.521316447
2021-07-19,30.335778196845634,11628.714975457493,7222804.332582294
2021-07-20,30.308608012096467,11618.299737970314,7216335.240975349
2021-07-21,30.319419058482097,11622.443972418137,7218909.299638594
2021-07-22,30.315393240047854,11620.900742018344,7217950.771439965
2021-07-23,30.3255027479238,11624.776053370791,7220357.797124714
2021-07-24,30.3328131513983,11627.578374702682,7222098.369380548
2021-07-25,30.32079571189162,11622.971689558455,7219237.07425991
2021-07-26,30.327718288118632,11625.62534377881,7220885.306694912
2021-07-27,30.328542123864082,11625.941147481231,7221081.458062876
2021-07-28,30.34229927139245,11631.21472070044,7224356.969379154
2021-07-29,30.342565031165787,11631.316595280217,7224420.245515663
2021-07-30,30.33629929114724,11628.91472827311,7222928.402654105
2021-07-31,30.34693004348027,11632.989850000771,7225459.534161969
2021-08-01,30.34134029118916,11630.84711162251,7224128.640759324
2021-08-02,30.345735887410665,11632.532090174087,7225175.211288254
2021-08-03,30.366832395103387,11640.61908478963,7230198.18931033
2021-08-04,30.365148009617183,11639.973403686587,7229797.145146948
2021-08-05,30.340393200846133,11630.48406032435,7223903.143058603
2021-08-06,30.363332040732416,11639.27728228076,7229364.771602957
2021-08-07,30.36479447466367,11639.837881954407,7229712.970158016
2021-08-08,30.346843758028132,11632.956773910784,7225438.990006697
2021-08-09,30.368160138386695,11641.128053048235,7230514.318663499
2021-08-10,30.3769977414082,11644.515800873143,7232618.509859094
2021-08-11,30.352039123682836,11634.948330745086,7226675.981829246
2021-08-12,30.35573578230745,11636.365383217855,7227556.138644631
2021-08-13,30.3767337532143,11644.414605398815,7232555.655527214
2021-08-14,30.370918508943184,11642.18542842822,7231171.073557901
2021-08-15,30.37536482514201,11643.88984963777,7232229.720271907
2021-08-16,30.374902550378785,11643.712644311869,7232119.654852091
2021-08-17,30.377050302524538,11644.535949301073,7232631.024410604
2021-08-18,30.36152539641277,11638.584735291563,7228934.6181935165
2021-08-19,30.386910158427714,11648.315560730623,7234978.609149456
2021-08-20,30.389779834241224,11649.415603125803,7235661.865295528
2021-08-21,30.377437069126394,11644.684209831785,7232723.11169676
2021-08-22,30.380943338618575,11646.028279803788,7233557.9377663275
2021-08-23,30.367714253945152,11640.957130678977,7230408.155701227
2021-08-24,30.389815186694083,11649.429154899399,7235670.28254621
2021-08-25,30.392040613028282,11650.282234994176,7236200.145959114
2021-08-26,30.38734561723727,11648.48248660762,7235082.289818398
2021-08-27,30.400858639125815,11653.662478331564,7238299.6759823365
2021-08-28,30.387922000665725,11648.703433588527,7235219.523968029
2021-08-29,30.39855658901629,11652.780025789578,7237751.568813402
2021-08-30,30.384361732490518,11647.338664121366,7234371.84106917
2021-08-31,30.39597078983188,11651.788802768886,7237135.9023409225
2021-09-01,30.396110793572717,11651.842470869542,7237169.236564932
2021-09-02,30.40175552953607,11654.00628632216,7238513.221318112
2021-09-03,30.39745538454888,11652.357897410404,7237489.377273543
2021-09-04,30.40148422076452,11653.9022846264,7238448.623991552
2021-09-05,30.412707800687002,11658.204656930018,7241120.904925477
2021-09-06,30.401728158223715,11653.995793985756,7238506.704338979
2021-09-07,30.39167859058924,11650.143459725874,7236113.950140295
2021-09-08,30.426888851021072,11663.640726224745,7244497.345481208
2021-09-09,30.42485629253502,11662.86157880509,7244013.402984528
2021-09-10,30.399767953957703,11653.244382350453,7238039.989037548
2021-09-11,30.42123657751825,11661.474021381995,7243151.566075774
2021-09-12,30.410958759718575,11657.534191225455,7240704.46659966
2021-09-13,30.42027247694178,11661.104449494347,7242922.018319471
2021-09-14,30.422229032853927,11661.854462594007,7243387.864965221
2021-09-15,30.418591989751732,11660.460262738165,7242521.902321841
2021-09-16,30.414747776710776,11658.98664773913,7241606.613502565
2021-09-17,30.417329477880703,11659.97629985427,7242221.30425731
2021-09-18,30.416722513716614,11659.743630258035,7242076.788980146
2021-09-19,30.419215844691866,11660.699407131882,7242670.439212348
2021-09-20,30.428512007216444,11664.262936099636,7244883.8112420095
2021-09-21,30.423676003013483,11662.4091344885,7243732.381669877
2021-09-22,30.43930402579909,11668.399876556317,7247453.3394759735
2021-09-23,30.44900595838728,11672.118950715125,7249763.323425542
2021-09-24,30.429983045571607,11664.826834135782,7245234.05846943
2021-09-25,30.43982779360632,11668.600654215756,7247578.046096742
2021-09-26,30.444080859788798,11670.230996252372,7248590.680902095
2021-09-27,30.445454380953734,11670.75751269893,7248917.709750889
2021-09-28,30.4431443499613,11669.8720008185,7248367.702371738
2021-09-29,30.45146214998703,11673.060490828362,7250348.130949292
2021-09-30,30.450508433340058,11672.694899447022,7250121.055557156
2021-10-01,30.43496002709319,11666.734677052389,7246419.054069807
2021-10-02,30.457679008961804,11675.443620102025,7251828.3354670955
2021-10-03,30.45951124319511,11676.145976558124,7252264.58171312
2021-10-04,30.44465644979314,11670.45163908737,7248727.726141224
2021-10-05,30.454319754714682,11674.155905973961,7251028.513027305
2021-10-06,30.462424821331247,11677.262848176979,7252958.290793153
2021-10-07,30.455149637772774,11674.474027812897,7251226.104231612
2021-10-08,30.46962389053901,11680.022491373289,7254672.354890241
2021-10-09,30.484184258632546,11685.603965809143,7258139.109198225
2021-10-10,30.454337186522064,11674.162588166791,7251032.663457634
2021-10-11,30.45003820352086,11672.514644682999,7250009.096076395
2021-10-12,30.468538527759204,11679.606435641028,7254413.935180763
2021-10-13,30.47436774865681,11681.840970318442,7255801.844918287
2021-10-14,30.46649533122597,11678.82321030329,7253927.459815707
2021-10-15,30.48498856251784,11685.912282298505,7258330.610123295
2021-10-16,30.458721948373807,11675.843413543293,7252076.654374715
2021-10-17,30.48068933265882,11684.26424418588,7257306.983966385
2021-10-18,30.46935376785429,11679.918944344145,7254608.039965307
2021-10-19,30.49425847433809,11689.465748496268,7260537.731985259
2021-10-20,30.498642257607454,11691.146198749524,7261581.489906536
2021-10-21,30.47270303658818,11681.202830692137,7255405.484901947
2021-10-22,30.476526619092507,11682.668537318794,7256315.861688691
2021-10-23,30.49227074690716,11688.70378631441,7260064.463549323
2021-10-24,30.481456328730285,11684.558259346608,7257489.602078639
2021-10-25,30.48652637984959,11686.501778942342,7258696.757107045
2021-10-26,30.48888732264984,11687.406807015774,7259258.886345199
2021-10-27,30.471089742917574,11680.584401451735,7255021.367361327
2021-10-28,30.491801222678223,11688.523802026652,7259952.672066243
2021-10-29,30.486695537687492,11686.566622780205,7258737.032782736
2021-10-30,30.490314892127305,11687.954041982133,7259598.783839834
2021-10-31,30.511335834948227,11696.012070063487,7264603.770225768
2021-11-01,30.48598793017691,11686.295373234483,7258568.554804026
2021-11-02,30.508338624842132,11694.863139522817,7263890.148771936
2021-11-03,30.499070607179927,11691.310399418971,7261683.477899983
2021-11-04,30.50071638796539,11691.941282053398,7262075.33046795
2021-11-05,30.513071551441335,11696.677428052511,7265017.03605746
2021-11-06,30.51022227792521,11695.585206537997,7264338.63760124
2021-11-07,30.514181917123505,11697.103068230675,7265281.40883893
2021-11-08,30.519811745606386,11699.261169149117,7266621.844191996
2021-11-09,30.508471016701783,11694.913889735684,7263921.670643281
2021-11-10,30.507316024408777,11694.471142690032,7263646.67247828
2021-11-11,30.50424126740106,11693.292485837073,7262914.587476443
2021-11-12,30.508493137977034,11694.922369557862,7263926.937613579
2021-11-13,30.547892747842365,11710.025553339574,7273307.797105324
2021-11-14,30.532503249416223,11704.126245609552,7269643.630813386
2021-11-15,30.508200449678355,11694.810172376701,7263857.249923417
2021-11-16,30.510141443221432,11695.554219901549,7264319.391243198
2021-11-17,30.529839602576207,11703.105180987546,7269009.429184811
2021-11-18,30.53214859882955,11703.990296217993,7269559.1901975125
2021-11-19,30.53381988783714,11704.630957004236,7269957.1161517
2021-11-20,30.527436679912938,11702.184060633293,7268437.304741176
2021-11-21,30.530386973354144,11703.315006452422,7269139.75556051
2021-11-22,30.53657567904751,11705.687343634878,7270613.256916073
2021-11-23,30.535811271471506,11705.394320730742,7270431.255112262
2021-11-24,30.514414885039535,11697.192372598487,7265336.877390365
2021-11-25,30.53596552958034,11705.453453005797,7270467.983233414
2021-11-26,30.53140518842809,11703.705322230768,7269382.187720973
2021-11-27,30.54332718361475,11708.275420385653,7272220.7580035115
2021-11-28,30.573083565881923,11719.682033588071,7279305.610924267
2021-11-29,30.54856178872097,11710.282019009705,7273467.092552612
2021-11-30,30.54340776119982,11708.30630845993,7272239.943142815
2021-12-01,30.557417248866486,11713.676612065485,7275575.535444401
2021-12-02,30.554682378298697,11712.6282450145,7274924.375785404
2021-12-03,30.555712799710598,11713.023239889062,7275169.714216809
2021-12-04,30.559236805922165,11714.374108936829,7276008.763314801
2021-12-05,30.575390270631555,11720.566270408763,7279854.826340846
2021-12-06,30.545172575437455,11708.982820584357,7272660.1370089175
2021-12-07,30.56287449518534,11715.768556487716,7276874.879806033
2021-12-08,30.55053116756786,11711.03694756768,7273935.992278062
2021-12-09,30.567006999610342,11717.352683183964,7277858.809431033
2021-12-10,30.553921992144986,11712.336763655578,7274743.331463092
2021-12-11,30.56059226307526,11714.893700845518,7276331.491208396
2021-12-12,30.563472195863813,11715.99767508113,7277017.189491384
2021-12-13,30.57783851584281,11721.50476440641,7280437.7418673355
2021-12-14,30.578922236585118,11721.92019069096,7280695.770615504
2021-12-15,30.558937951735587,11714.259548165308,7275937.607556092
2021-12-16,30.573601989827306,11719.880762767132,7279429.045196977
2021-12-17,30.567614463254845,11717.58554424769,7278003.443632106
2021-12-18,30.563782915653263,11716.116784333752,7277091.170393634
2021-12-19,30.57585558709097,11720.744641718205,7279965.61597404
2021-12-20,30.576598812428244,11721.02954476416,7280142.574387677
2021-12-21,30.60560877778111,11732.150031482759,7287049.708995502
2021-12-22,30.587329273668253,11725.142888239498,7282697.446111488
2021-12-23,30.570881652801106,11718.83796690709,7278781.345905025
2021-12-24,30.580668330062828,11722.589526524083,7281111.507157817
2021-12-25,30.598188235261482,11729.305490183568,7285282.913157496
2021-12-26,30.610517252150178,11734.031613324234,7288218.39336909
2021-12-27,30.57543150332989,11720.582076276458,7279864.643649974
2021-12-28,30.57415069455306,11720.091099578673,7279559.6891793
2021-12-29,30.613318282036616,11735.10534144737,7288885.305246813
2021-12-30,30.600163553866185,11730.062695648703,7285753.227110996
2021-12-31,30.589243356519304,11725.876619999066,7283153.180123644
2022-01-01,30.60493153638577,11731.89042228121,7286888.4610442305
2022-01-02,30.574886819766622,11720.373280910539,7279734.9570872905
2022-01-03,30.602937193805644,11731.125924292162,7286413.617572771
2022-01-04,30.60784088200651,11733.005671435829,7287581.162382502
2022-01-05,30.615464693172253,11735.928132382698,7289396.355517203
2022-01-06,30.59774244371802,11729.13460342524,7285176.772313814
2022-01-07,30.610397776289204,11733.985814244195,7288189.946735525
2022-01-08,30.601946249823825,11730.746062432465,7286177.678529482
2022-01-09,30.615414015030325,11735.908705761625,7289384.289292934
2022-01-10,30.605566485623893,11732.133819489158,7287039.639434259
2022-01-11,30.61209880181953,11734.637874030821,7288594.952814173
2022-01-12,30.60788160762138,11733.021282921529,7287590.858957471
2022-01-13,30.626011165345094,11739.970946715619,7291907.42032026
2022-01-14,30.629744445455305,11741.402037424534,7292796.296536977
2022-01-15,30.620473949960225,11737.848347484753,7290589.035704815
2022-01-16,30.624862846994514,11739.530758014564,7291634.01118917
2022-01-17,30.61165495430265,11734.467732482683,7288489.274833964
2022-01-18,30.6248045933968,11739.508427468772,7291620.141284952
2022-01-19,30.628959895163046,11741.101293145834,7292609.498848343
2022-01-20,30.657330543733938,11751.976708431343,7299364.415174747
2022-01-21,30.62166370409454,11738.304419902908,7290872.3104987
2022-01-22,30.6490859983118,11748.816299352857,7297401.428169476
2022-01-23,30.64607375527916,11747.661606190344,7296684.227447419
2022-01-24,30.640572563262744,11745.552815917385,7295374.419824462
2022-01-25,30.65701352579112,11751.855184886597,7299288.934712171
2022-01-26,30.644809587469453,11747.177008529958,7296383.235111775
2022-01-27,30.646641426562038,11747.879213515449,7296819.387276676
2022-01-28,30.643880020009792,11746.820674337087,7296161.909526141
2022-01-29,30.658308397376302,11752.351552327584,7299597.237470548
2022-01-30,30.658698972984784,11752.5012729775,7299690.231663044
2022-01-31,30.643139169953564,11746.536681815533,7295985.51665561
2022-02-01,30.63786522315657,11744.515002210019,7294729.815037278
2022-02-02,30.6506897310997,11749.43106358822,7297783.269309452
2022-02-03,30.64638108430273,11747.77941564938,7296757.401024459
2022-02-04,30.655408246780436,11751.2398279325,7298906.725423913
2022-02-05,30.670079986565035,11756.863994849931,7302399.996801198
2022-02-06,30.654794791475535,11751.004670065622,7298760.664637032
2022-02-07,30.660601867142994,11753.230715738147,7300143.301700712
2022-02-08,30.66327271136027,11754.254539354772,7300779.216990541
2022-02-09,30.672839266021587,11757.921718641608,7303056.968100377
2022-02-10,30.643548627183186,11746.69364042022,7296083.006472187
2022-02-11,30.661613171039914,11753.618382231967,7300384.088342836
2022-02-12,30.671455754520824,11757.391372566315,7302727.560600196
2022-02-13,30.68300654092357,11761.819174020704,7305477.747838946
2022-02-14,30.66774965080122,11755.9706994738,7301845.15495267
2022-02-15,30.65556616229342,11751.300362212478,7298944.324355576
2022-02-16,30.68219190805655,11761.506898088344,7305283.787632512
2022-02-17,30.67130436412204,11757.333339580115,7302691.515267152
2022-02-18,30.66742460600806,11755.846098969756,7301767.763335252
2022-02-19,30.67474119347064,11758.650790830412,7303509.8079692
2022-02-20,30.680802858745057,11760.974429185606,7304953.061605966
2022-02-21,30.678264220819997,11760.001284647666,7304348.624004762
2022-02-22,30.663919652232966,11754.502533355972,7300933.2505316585
2022-02-23,30.69660971031111,11767.033722285925,7308716.597693121
2022-02-24,30.7020516244979,11769.119789390861,7310012.291547119
2022-02-25,30.697482009950875,11767.368103814502,7308924.288083541
2022-02-26,30.681253939499964,11761.147343474988,7305060.461785705
2022-02-27,30.69227997725075,11765.373991279454,7307685.708869225
2022-02-28,30.69589386604809,11766.759315318433,7308546.158582877
2022-03-01,30.703611299935215,11769.717664975165,7310383.642841717
2022-03-02,30.70597112799993,11770.622265733307,7310945.50666665
2022-03-03,30.69361044243695,11765.884002934165,7308002.486294511
2022-03-04,30.70343668354459,11769.650728692095,7310342.067510617
2022-03-05,30.708854169830946,11771.72743176853,7311631.945197845
2022-03-06,30.720504317064105,11776.19332154124,7314405.789777168
2022-03-07,30.714655977557143,11773.951458063571,7313013.327989796
2022-03-08,30.717166387612206,11774.913781918014,7313611.044669572
2022-03-09,30.71177908586549,11772.84864958177,7312328.353777497
2022-03-10,30.726710500159072,11778.57235839431,7315883.4524188265
2022-03-11,30.718368716065452,11775.374674491757,7313897.313348916
2022-03-12,30.70732547868582,11771.14143349623,7311267.971115672
2022-03-13,30.73163541745828,11780.460243359006,7317056.05177578
2022-03-14,30.72624620074455,11778.394376952077,7315772.904939178
2022-03-15,30.71650226836758,11774.659202874238,7313452.9210399
2022-03-16,30.71780340976703,11775.157973744028,7313762.716611197
2022-03-17,30.727229816061943,11778.77142949041,7316007.099062367
2022-03-18,30.730561720044975,11780.048659350574,7316800.409534518
2022-03-19,30.729568696547524,11779.66800034322,7316563.975368458
2022-03-20,30.732374852746602,11780.743693552864,7317232.10779681
2022-03-21,30.747927422205834,11786.70551184557,7320935.100525198
2022-03-22,30.74330945276215,11784.935290225492,7319835.583990988
2022-03-23,30.73616664026893,11782.19721210309,7318134.914349745
2022-03-24,30.74533974362206,11785.713568388457,7320318.986576681
2022-03-25,30.727267842583753,11778.786006323771,7316016.152996131
2022-03-26,30.743238886274572,11784.908239738586,7319818.782446327
2022-03-27,30.759019303784832,11790.957399784185,7323576.024710674
2022-03-28,30.740412496207206,11783.82479021276,7319145.832430287
2022-03-29,30.735783421114697,11782.050311427301,7318043.671693975
2022-03-30,30.739405767125746,11783.438877398203,7318906.135029939
2022-03-31,30.736697311624965,11782.400636122904,7318261.264672611
2022-04-01,30.74141309928465,11784.208354725783,7319384.07125825
2022-04-02,30.74722280413329,11786.435408251093,7320767.33431745
2022-04-03,30.738539472071302,11783.106797627332,7318699.874302691
2022-04-04,30.754418673142006,11789.193824704436,7322480.636462382
2022-04-05,30.76495269948023,11793.231868134088,7324988.737971483
2022-04-06,30.748519894286076,11786.932626142998,7321076.165306209
2022-04-07,30.77445791407938,11796.87553373043,7327251.884304614
2022-04-08,30.76604070489879,11793.648936877868,7325247.786880664
2022-04-09,30.772906389460346,11796.280782626467,7326882.473681034
2022-04-10,30.75769012808111,11790.44788243109,7323259.554305025
2022-04-11,30.774481706335667,11796.88465409534,7327257.54912754
2022-04-12,30.75668518594116,11790.062654610778,7323020.282366943
2022-04-13,30.778175161273243,11798.300478488076,7328136.9431602955
2022-04-14,30.772659331427125,11796.186077047065,7326823.650339791
2022-04-15,30.77814179244281,11798.287687103077,7328128.998200669
2022-04-16,30.762521766854835,11792.300010627689,7324409.944489246
2022-04-17,30.766995537615706,11794.01495608602,7325475.128003739
2022-04-18,30.783587131812563,11800.375067194815,7329425.5075744195
2022-04-19,30.76980007364842,11795.090028231894,7326142.8746781945
2022-04-20,30.785584411146264,11801.1406909394,7329901.05027292
2022-04-21,30.76894985517416,11794.764111150094,7325940.441708134
2022-04-22,30.792771950862715,11803.895914497372,7331612.369253026
2022-04-23,30.77363404157434,11796.55971593683,7327055.724184367
2022-04-24,30.79315143057839,11804.041381721716,7331702.721566283
2022-04-25,30.79555398751614,11804.962361881187,7332274.7589324135
2022-04-26,30.783999297476885,11800.533064032807,7329523.642256401
2022-04-27,30.798456709321844,11806.075071906707,7332965.883171868
2022-04-28,30.796910384787374,11805.482314168494,7332597.71066366
2022-04-29,30.790587152613295,11803.058408501764,7331092.179193641
2022-04-30,30.78755972387868,11801.897894153493,7330371.362828257
2022-05-01,30.779688803874894,11798.880708152043,7328497.334255927
2022-05-02,30.80448144186965,11808.3845527167,7334400.343302297
2022-05-03,30.78700688482584,11801.68597251657,7330239.734482342
2022-05-04,30.805278416219345,11808.690059550749,7334590.099099844
2022-05-05,30.80336064429718,11807.95491364725,7334133.486737424
2022-05-06,30.81445679699794,11812.208438849211,7336775.427856653
2022-05-07,30.80631524759162,11809.087511576789,7334836.96371229
2022-05-08,30.807711648628327,11809.622798640858,7335169.440149602
2022-05-09,30.819995348007186,11814.33155006942,7338094.130477902
2022-05-10,30.817697826299778,11813.450833414914,7337547.101499947
2022-05-11,30.819179501202456,11814.018808794275,7337899.881238679
2022-05-12,30.822381403732344,11815.246204764066,7338662.238983891
2022-05-13,30.804003883392696,11808.201488633867,7334286.638903023
2022-05-14,30.828598458806923,11817.62940920932,7340142.490192124
2022-05-15,30.828826317926172,11817.716755205032,7340196.742363374
2022-05-16,30.814205947280847,11812.11227979099,7336715.701733534
2022-05-17,30.823603213016963,11815.714564989838,7338953.1459564185
2022-05-18,30.827322274675954,11817.14020529245,7339838.636827608
2022-05-19,30.82804180012307,11817.41602338051,7340009.952410255
2022-05-20,30.83439687866889,11819.852136823074,7341523.0663497355
2022-05-21,30.8470435484838,11824.70002691879,7344534.178210428
2022-05-22,30.845219240235583,11824.000708756972,7344099.819103709
2022-05-23,30.82295116395389,11815.464612848991,7338797.896179497
2022-05-24,30.84396592936153,11823.52027292192,7343801.411752745
2022-05-25,30.852706526869913,11826.870835300135,7345882.5063975975
2022-05-26,30.844957333748276,11823.900311270172,7344037.460416256
2022-05-27,30.853671198315723,11827.240626021028,7346112.190075172
2022-05-28,30.86455633470392,11831.413261636504,7348703.889215219
2022-05-29,30.856343052556507,11828.264836813329,7346748.345846787
2022-05-30,30.85027146057078,11825.9373932188,7345302.728707328
2022-05-31,30.859901767549452,11829.629010893956,7347595.658940345
2022-06-01,30.85257236001404,11826.81940467205,7345850.561908104
2022-06-02,30.853035201675535,11826.996827308954,7345960.762303698
2022-06-03,30.850954809135235,11826.199343501841,7345465.430746485
2022-06-04,30.871775956025353,11834.18078314305,7350422.846672703
2022-06-05,30.849630497422176,11825.6916906785,7345150.118433852
2022-06-06,30.87481151367775,11835.34441357647,7351145.598494702
2022-06-07,30.866159620727487,11832.027854612203,7349085.623982735
2022-06-08,30.848841151515824,11825.389108081066,7344962.178932338
2022-06-09,30.868184030687093,11832.803878430053,7349567.626354069
2022-06-10,30.845180687898484,11823.985930361085,7344090.639975829
2022-06-11,30.874109539090544,11835.07532331804,7350978.461688224
2022-06-12,30.87838037043368,11836.71247533291,7351995.326293732
2022-06-13,30.865278183468075,11831.689970329428,7348875.757968589
2022-06-14,30.87411099814912,11835.07588262383,7350978.809083124
2022-06-15,30.894090964441123,11842.73486970243,7355735.943914553
2022-06-16,30.871165882729063,11833.946921712808,7350277.591125967
2022-06-17,30.867308324328103,11832.46819099244,7349359.124840024
2022-06-18,30.894388175414132,11842.848800575417,7355806.708431936
2022-06-19,30.900871645254416,11845.33413068086,7357350.391727242
2022-06-20,30.882957052800887,11838.46687024034,7353085.012571639
2022-06-21,30.8947091399484,11842.97183698022,7355883.128559143
2022-06-22,30.899683773045062,11844.878779667273,7357067.565010729
2022-06-23,30.88051876664826,11837.532193881834,7352504.468249586
2022-06-24,30.88476523649724,11839.16000732394,7353515.532499343
2022-06-25,30.903601816658043,11846.380696385582,7358000.432537629
2022-06-26,30.90981808179238,11848.763598020412,7359480.495664853
2022-06-27,30.90027170589398,11845.104153926028,7357207.549022377
2022-06-28,30.887519802857234,11840.215924428607,7354171.3816326745
2022-06-29,30.917863697427258,11851.847750680448,7361396.118435062
2022-06-30,30.894358608073066,11842.837466428009,7355799.6685888255
2022-07-01,30.897992260808238,11844.230366643158,7356664.82400196
2022-07-02,30.90644242936639,11847.469597923782,7358676.7688967595
2022-07-03,30.920236158467866,11852.75719407935,7361960.990111397
2022-07-04,30.91490990810808,11850.715464774763,7360692.835263828
2022-07-05,30.912194488275563,11849.674553838966,7360046.306732277
2022-07-06,30.914354494354978,11850.502556169407,7360560.593894042
2022-07-07,30.911832622379475,11849.535838578799,7359960.148185588
2022-07-08,30.91865482833979,11852.151017530254,7361584.482938045
2022-07-09,30.88945388078647,11840.957320968148,7354631.87637773
2022-07-10,30.913459546213694,11850.15949271525,7360347.5110032605
2022-07-11,30.920515070271644,11852.864110270797,7362027.397683725
2022-07-12,30.90826803108639,11848.16941191645,7359111.4359729495
2022-07-13,30.925317816987764,11854.705163178643,7363170.90880661
2022-07-14,30.921086374378728,11853.083110178512,7362163.422471126
2022-07-15,30.942362437247496,11861.238934278208,7367229.151725594
2022-07-16,30.942214562093977,11861.18224880269,7367193.943355708
2022-07-17,30.923503084634806,11854.009515776677,7362738.829674954
2022-07-18,30.928329629606065,11855.859691348991,7363888.007049062
2022-07-19,30.93077548837793,11856.797270544874,7364470.354375697
2022-07-20,30.928675417506145,11855.992243377357,7363970.3375014635
2022-07-21,30.936819401268135,11859.114103819451,7365909.381254318
2022-07-22,30.928963560830404,11856.10269831832,7364038.943054858
2022-07-23,30.926917549197565,11855.318393859066,7363551.797427991
2022-07-24,30.94612822675479,11862.68248692267,7368125.76827495
2022-07-25,30.94787391327295,11863.35166675463,7368541.407922131
2022-07-26,30.935213053700114,11858.498337251709,7365526.917547646
2022-07-27,30.953887450426286,11865.656855996744,7369973.202482449
2022-07-28,30.94029589460985,11860.446759600443,7366737.117764249
2022-07-29,30.95082119103056,11864.481456561714,7369243.140721561
2022-07-30,30.95817093649574,11867.298858990034,7370993.080118033
2022-07-31,30.9513094194177,11864.668610776785,7369359.385575643
2022-08-01,30.95787109386191,11867.183919313733,7370921.68901474
2022-08-02,30.94983761896294,11864.10442060246,7369008.956895938
2022-08-03,30.954715571219335,11865.974302300745,7370170.374099841
2022-08-04,30.95630005539204,11866.581687900283,7370547.6322362
2022-08-05,30.952571369883035,11865.152358455163,7369659.84997215
2022-08-06,30.959948006370162,11867.98006910856,7371416.191992895
2022-08-07,30.94790825067579,11863.36482942572,7368549.583494236
2022-08-08,30.96016167287128,11868.061974600656,7371467.064969352
2022-08-09,30.963903323107374,11869.496273857827,7372357.934073184
2022-08-10,30.965869239239513,11870.249875041814,7372826.009342741
2022-08-11,30.967695112059126,11870.949792955998,7373260.740966458
2022-08-12,30.9711715853075,11872.28244103454,7374088.472692261
2022-08-13,30.978262874315064,11875.00076848744,7375776.87483692
2022-08-14,30.98389295274841,11877.158965220224,7377117.369702002
2022-08-15,30.970329543661183,11871.959658403455,7373887.986585996
2022-08-16,30.966474692353014,11870.481965401988,7372970.164845956
2022-08-17,30.969765852821286,11871.743576914827,7373753.774481258
2022-08-18,30.9769939548331,11874.514349352688,7375474.751150738
2022-08-19,30.980026549037685,11875.67684379778,7376196.7973899245
2022-08-20,30.977525670799068,11874.71817380631,7375601.350190254
2022-08-21,30.97394442514306,11873.345362971508,7374748.672653109
2022-08-22,30.98402443491961,11877.209366719186,7377148.674980859
2022-08-23,30.992080051893492,11880.297353225838,7379066.679022259
2022-08-24,30.99789631394286,11882.526920344764,7380451.503319728
2022-08-25,30.98805211344466,11878.753310153785,7378107.646058252
2022-08-26,30.991176781549573,11879.951099594002,7378851.61465466
2022-08-27,30.98772028358676,11878.626108708258,7378028.638949228
2022-08-28,30.998353472989628,11882.702164646023,7380560.350711815
2022-08-29,30.99186426748845,11880.214635870572,7379015.301782964
2022-08-30,31.00776061222354,11886.30823468569,7382800.145767509
2022-08-31,30.985851540561274,11877.909757215155,7377583.700133637
2022-09-01,31.00179487127925,11884.021367323714,7381379.731256965
2022-09-02,31.010083295057466,11887.198596438695,7383353.165489873
2022-09-03,31.010591711634095,11887.393489459735,7383474.217055737
2022-09-04,31.03736493906448,11897.656559974717,7389848.795015352
2022-09-05,31.0156139297776,11889.318673081414,7384669.98328038
2022-09-06,31.003756801829123,11884.773440701163,7381846.857578362
2022-09-07,31.01452421475559,11888.900948989643,7384410.527322759
2022-09-08,30.99939799448901,11883.10256455412,7380809.046306907
2022-09-09,31.018036152101114,11890.24719163876,7385246.702881217
2022-09-10,31.01219337197262,11888.007459256172,7383855.564755386
2022-09-11,31.031359709429875,11895.354555281452,7388418.978435684
2022-09-12,31.01839236924799,11890.383741545063,7385331.516487617
2022-09-13,31.02440216934864,11892.68749825031,7386762.421273485
2022-09-14,31.02089639780312,11891.343619157862,7385927.7137626475
2022-09-15,31.04632272864914,11901.090379315505,7391981.602059319
2022-09-16,31.02740411759068,11893.838245076426,7387477.170854923
2022-09-17,31.050624537020667,11902.739405857923,7393005.842147778
2022-09-18,31.042122996758767,11899.480482090861,7390981.665894944
2022-09-19,31.040484750185293,11898.852487571028,7390591.607186974
2022-09-20,31.04103410938707,11899.063075265043,7390722.406996921
2022-09-21,31.042967537130554,11899.804222566712,7391182.746935845
2022-09-22,31.021435715826915,11891.55035773365,7386056.122815931
2022-09-23,31.03960657639328,11898.51585428409,7390382.518188876
2022-09-24,31.05253005000842,11903.469852503229,7393459.535716291
2022-09-25,31.04527264967596,11900.687849042451,7391731.583256181
2022-09-26,31.033392965514068,11896.133970113726,7388903.087027159
2022-09-27,31.048604153209947,11901.964925397146,7392524.798383321
2022-09-28,31.067852677879067,11909.343526520308,7397107.780447396
2022-09-29,31.064964056144774,11908.236221522164,7396420.013367803
2022-09-30,31.053558706445738,11903.8641708042,7393704.453915652
2022-10-01,31.065376938141977,11908.394492954423,7396518.318605232
2022-10-02,31.053881165286676,11903.987780026559,7393781.229830161
2022-10-03,31.04219140103297,11899.506703729305,7390997.952626897
2022-10-04,31.051669429727678,11903.139948062275,7393254.626125637
2022-10-05,31.078227041303613,11913.320365833051,7399577.86697705
2022-10-06,31.06154237811656,11906.924578278016,7395605.32812299
2022-10-07,31.06353271576914,11907.687541044837,7396079.218040271
2022-10-08,31.064652511544846,11908.11679609219,7396345.8360821055
2022-10-09,31.088376688669648,11917.211063990033,7401994.449683249
2022-10-10,31.087279432520425,11916.790449132828,7401733.198219149
2022-10-11,31.0948922576257,11919.708698756518,7403545.7756251665
2022-10-12,31.072798706448097,11911.239504138437,7398285.406297166
2022-10-13,31.079030198041874,11913.62824258272,7399769.094771875
2022-10-14,31.062592413608883,11907.327091883406,7395855.336573543
2022-10-15,31.094213160664278,11919.44837825464,7403384.085872447
2022-10-16,31.069451089546714,11909.956250992906,7397488.35465398
2022-10-17,31.084981800714548,11915.909690273911,7401186.143027273
2022-10-18,31.07352627118431,11911.518403953987,7398458.635996264
2022-10-19,31.080295970948107,11914.113455530107,7400070.469273359
2022-10-20,31.079497449035962,11913.807355463787,7399880.345008562
2022-10-21,31.083476846251703,11915.332791063154,7400827.82053612
2022-10-22,31.085849988724988,11916.24249567791,7401392.85445833
2022-10-23,31.087444236096196,11916.853623836874,7401772.43716576
2022-10-24,31.102946062848137,11922.795990758452,7405463.348297175
2022-10-25,31.08524998688546,11916.01249497276,7401249.996877491
2022-10-26,31.100190011577812,11921.739504438161,7404807.145613764
2022-10-27,31.11185026273309,11926.209267381018,7407583.395888831
2022-10-28,31.096224872883003,11920.21953460515,7403863.064972144
2022-10-29,31.095863904359458,11920.08116333779,7403777.120085585
2022-10-30,31.10242419517958,11922.595941485506,7405339.094090376
2022-10-31,31.118213133110043,11928.648367692183,7409098.3650262
2022-11-01,31.11004348836659,11925.516670540526,7407153.211515854
2022-11-02,31.104476891582117,11923.382808439812,7405827.831329075
2022-11-03,31.1163145149567,11927.920564066733,7408646.313084927
2022-11-04,31.102139632313513,11922.486859053512,7405271.341027026
2022-11-05,31.121663045738767,11929.970834199861,7409919.772794944
2022-11-06,31.120622511994164,11929.571962931095,7409672.026665277
2022-11-07,31.115145433953884,11927.472416348988,7408367.9604652105
2022-11-08,31.111524831899196,11926.084518894693,7407505.912356951
2022-11-09,31.112731143354463,11926.546938285877,7407793.12937011
2022-11-10,31.12863348011458,11932.642834043923,7411579.400027281
2022-11-11,31.137262557434983,11935.950647016743,7413633.942246424
2022-11-12,31.12028721208889,11929.44343130074,7409592.193354498
2022-11-13,31.13293178523885,11934.290517674892,7412602.80600925
2022-11-14,31.10916536816151,11925.180057795245,7406944.1352765495
2022-11-15,31.12587727269014,11931.586287864555,7410923.160164319
2022-11-16,31.133100763827137,11934.355292800403,7412643.039006461
2022-11-17,31.126002513660087,11931.634296903034,7410952.979442878
2022-11-18,31.127422370275944,11932.178575272445,7411291.040541891
2022-11-19,31.131797816177922,11933.85582953487,7412332.813375696
2022-11-20,31.143085808274456,11938.182893171874,7415020.430541537
2022-11-21,31.139978951590468,11936.991931443012,7414280.702759635
2022-11-22,31.121158381764353,11929.777379676336,7409799.614705798
2022-11-23,31.124022236439014,11930.875190634955,7410481.484866432
2022-11-24,31.140849221604206,11937.325534948279,7414487.909905763
2022-11-25,31.15318346621535,11942.053662049217,7417424.634813178
2022-11-26,31.12282037045918,11930.414475342686,7410195.326299804
2022-11-27,31.14698702722108,11939.678360434747,7415949.292195495
2022-11-28,31.148410852083096,11940.224159965186,7416288.2981150225
2022-11-29,31.169245801670503,11948.21089064036,7421249.000397738
2022-11-30,31.153201390590883,11942.06053305984,7417428.902521639
2022-12-01,31.162570774959416,11945.65213040111,7419659.70832367
2022-12-02,31.161842824506248,11945.373082727394,7419486.386787202
2022-12-03,31.140814047895006,11937.312051693087,7414479.535213097
2022-12-04,31.171491336046405,11949.071678817789,7421783.65143962
2022-12-05,31.167652871725924,11947.600267494938,7420869.731363315
2022-12-06,31.17227132746862,11949.370675529639,7421969.363683005
2022-12-07,31.208140844150957,11963.120656924533,7430509.724797847
2022-12-08,31.14972725532549,11940.728781208103,7416601.72745845
2022-12-09,31.18950536047611,11955.977054849174,7426072.704875264
2022-12-10,31.17107401967163,11948.911707540792,7421684.290398007
2022-12-11,31.178511976430865,11951.762924298499,7423455.23248354
2022-12-12,31.17687384909406,11951.134975486057,7423065.2021652525
2022-12-13,31.174776984017353,11950.33117720665,7422565.94857556
2022-12-14,31.175011485522177,11950.421069450167,7422621.782267185
2022-12-15,31.18569546126747,11954.516593485863,7425165.5860160645
2022-12-16,31.16891928771112,11948.08572695593,7421171.258978838
2022-12-17,31.193287558783044,11957.426897533502,7426973.228281677
2022-12-18,31.18331065715781,11953.602418577162,7424597.7755137645
2022-12-19,31.17786283358893,11951.514086209088,7423300.67466403
2022-12-20,31.18635441585084,11954.76919274282,7425322.479964485
2022-12-21,31.20511714573465,11961.961572531616,7429789.796603488
2022-12-22,31.188883503519833,11955.738676349269,7425924.643695198
2022-12-23,31.199512683089775,11959.813195184413,7428455.40073566
2022-12-24,31.190309968366883,11956.28548787397,7426264.278182591
2022-12-25,31.206890225543287,11962.641253124928,7430211.958462687
2022-12-26,31.20785765206059,11963.01209995656,7430442.298109665
2022-12-27,31.22118032234789,11968.119123566692,7433614.3624637835
2022-12-28,31.202630345620744,11961.008299154617,7429197.701338272
2022-12-29,31.212764375907664,11964.893010764605,7431610.565692301
2022-12-30,31.20875043776834,11963.354334477865,7430654.866135319
2022-12-31,31.222420506437928,11968.594527467872,7433909.644389982
