Date,GDP_Growth_Rate,Industrial_Production_Index,Consumer_Price_Index,Inflation_Rate
2021-01-01,6.64901424590337,143.9272244161281,164.86154401601624,-32.425267569168454
2021-01-02,6.467176254373518,141.6424153264807,163.78070176371062,-0.9085090995340295
2021-01-03,6.711615105768496,144.47822930569487,164.80097674271397,5.756666731201108
2021-01-04,6.982865411404339,140.31803790813714,164.1644795457907,-5.422502887780354
2021-01-05,6.464350719886539,145.84189891647728,164.43947655019528,21.736482879448857
2021-01-06,6.472985750124626,144.7880494529578,165.61357840442062,33.90641931234171
2021-01-07,7.025608076268263,144.41304857253138,166.6999045043514,-2.7586031189647997
2021-01-08,6.790676800447246,145.92335724045162,165.42967152982297,-42.836813495798935
2021-01-09,6.428188442373756,147.34474600629056,163.8441169379648,0.8989670759574153
2021-01-10,6.740362849998818,146.09717923615938,165.48960266822013,36.037718230213045
2021-01-11,6.447110792118787,140.4401375931138,166.24663148664567,-15.665783588092665
2021-01-12,6.454933109907991,141.6149692034306,164.44521709568062,-19.80972979977878
2021-01-13,6.675728822643469,142.97549872270073,164.92598283332708,9.51706648572852
2021-01-14,6.037613846585556,144.32709227066516,165.0796881947292,-9.613217196139914
2021-01-15,6.102547536063526,145.3587503116676,164.28510168691776,9.653883586720013
2021-01-16,6.459726303025534,142.91920118115948,165.72328043384385,10.109252467116931
2021-01-17,6.3329151453871235,144.7902003118263,164.95905185139222,-3.281219849052235
2021-01-18,6.7393503894009665,142.9505877130042,165.50453244390704,-11.348160437914743
2021-01-19,6.380938020181586,143.2817013488441,164.2025078221979,-12.704861163456798
2021-01-20,6.237878099991159,141.73348286907483,164.65754169967659,24.298103034447962
2021-01-21,7.109440305559411,142.74107994707586,165.82238135782777,1.119377223474487
2021-01-22,6.610139342821679,141.92358080353276,164.73216684790822,15.21873740108461
2021-01-23,6.706204957476407,142.7132586094548,166.8369638512334,-0.252045502842293
2021-01-24,6.266541635225206,146.808985059716,164.7153638143854,-22.384186882222536
2021-01-25,6.538613843744019,142.83823141772044,165.3446847257519,20.133405262315307
2021-01-26,6.74310864297089,150.03574296407973,166.05759083187309,-24.49575688027423
2021-01-27,6.372375310249607,145.79017712546664,163.71163426706696,-40.25099465780812
2021-01-28,6.838160314632699,145.20438026129628,163.3741911880192,-1.4593587245558126
2021-01-29,6.552970550748898,143.14775510830944,163.6143436854299,45.50089373111959
2021-01-30,6.653296738645904,146.29344122595742,166.40758410342718,14.756972530164774
2021-01-31,6.567864797642079,143.7684773537633,164.59814185410755,19.584227733616046
2021-02-01,7.311559141809459,145.1892779321721,167.71319928566825,-0.03584179147438249
2021-02-02,6.759250208756951,150.0894998725639,164.5957524013426,-35.45471973706853
2021-02-03,6.453332391203044,144.79984454917334,165.34955130319702,31.745363268378952
2021-02-04,7.0246758835391665,147.31169990199632,166.71210995256786,27.473123774431656
2021-02-05,6.418844367100412,143.62653936443178,167.18109288815913,7.940904361028203
2021-02-06,6.854857794972711,144.98119940871413,167.2415035766364,-11.81589986348996
2021-02-07,6.211313050711037,148.60960262157485,166.39336623059313,-15.411615762373998
2021-02-08,6.4076857018754625,143.82942898850578,166.21406252581147,-9.087589220879266
2021-02-09,6.8720373395079735,148.72215520763126,165.78752694920118,-3.535521744672536
2021-02-10,7.041264411371701,146.52518705851963,165.97836107616664,-17.00568998294571
2021-02-11,6.877786426890296,143.99570214980778,164.65381428367147,-23.798399393833876
2021-02-12,6.798237047427538,146.39492885707318,164.3918011165777,8.367168883763725
2021-02-13,6.749058173827455,147.0832233007494,165.21162554258905,9.87021391346019
2021-02-14,6.402190701755026,146.3882573123878,165.04981537747506,-6.59780387874477
2021-02-15,6.636050453472785,142.00923195468386,164.77177195067273,13.148581049724726
2021-02-16,6.719965067423133,143.69897156316466,165.9263874474567,21.27799886846688
2021-02-17,7.181341110327447,144.6602936094873,166.19030520857052,-8.969708417472901
2021-02-18,6.973230660692656,145.00706980300444,165.32840688629184,7.983373087270991
2021-02-19,6.347065104428776,146.39640825888517,166.72253008105525,-18.301440006380147
2021-02-20,6.978923855354244,145.50811633479722,164.1083108858665,-24.917843105024815
2021-02-21,6.771783353307439,142.4782004329352,165.06134054072027,6.523001902960317
2021-02-22,6.689727025935189,145.9039863363898,164.5431776793972,-24.94315736689998
2021-02-23,7.081686706942395,146.3579928298689,163.39846338292693,9.662124521401978
2021-02-24,7.212746901088034,146.2481651505178,165.18731931415732,26.321836630346667
2021-02-25,7.187975792639986,147.28044425542342,165.1532524916167,24.091956436272
2021-02-26,6.661851194821241,146.77556515457664,166.79344974324212,11.438387894070843
2021-02-27,6.825755945548028,146.0134628259967,165.91581168455477,-37.914548513570026
2021-02-28,7.022678971138066,144.9407015678887,164.2658131756708,18.499213226691325
2021-03-01,7.220619441806265,141.74359509807599,167.1490925663342,33.82830779781884
2021-03-02,6.788733911236918,145.90779660653956,166.52103369552538,-18.929922942983666
2021-03-03,6.88119176110176,145.4455439788074,165.8870977034686,-21.562766915627947
2021-03-04,6.60926393920355,145.55350637686567,165.08351590115018,-22.973054102881463
2021-03-05,6.586447878448584,142.4356101620298,164.35556076327651,-2.035840158318365
2021-03-06,7.193082293124232,142.80433862930687,164.94779322392895,30.872817846414762
2021-03-07,7.360079310371031,147.04869528904416,166.41374861970417,34.00189623008515
2021-03-08,6.935353962613814,144.83781872947966,167.21458630593463,6.967423628520635
2021-03-09,7.261632414245696,146.2530799898844,166.8782435282722,-35.45153591581368
2021-03-10,7.07254369298991,144.9184839403426,164.85115057821372,-39.792914423418466
2021-03-11,6.773861080813682,144.89175643552653,164.22538256671098,9.596035030462247
2021-03-12,7.079022618313469,146.67784685885147,165.4908862469112,-9.58232898410742
2021-03-13,7.435083711034049,143.73687315214218,163.58656063443715,2.884222009104036
2021-03-14,6.965854716857051,144.92754634484947,165.6831677141848,24.462551688963003
2021-03-15,7.448785545124706,143.77576616293788,165.21739741370135,-11.688063240795685
2021-03-16,6.19611815986007,143.79501734176768,164.90396349813176,-21.556507214522327
2021-03-17,7.2311202402720145,144.00805144307898,163.7802969327332,14.844549126569433
2021-03-18,7.01302923657506,145.03175408077354,165.89360010656972,16.080033414073256
2021-03-19,6.89943568355607,143.5897975960061,164.85229916033808,-25.102754134200467
2021-03-20,7.018745398146073,147.01734572640115,164.2200831642897,-34.94342060429588
2021-03-21,6.396881672104233,142.67390109630193,162.52273778671835,17.28602895989539
2021-03-22,6.929041309794014,144.04541185473457,165.37248509494938,69.81770714927094
2021-03-23,7.103722011978195,143.49450368067798,167.17725159666975,25.481611793977237
2021-03-24,7.441456182358856,147.22151779059698,167.07125921454787,-33.29021779884059
2021-03-25,6.8439605683080815,144.67306808808064,164.9579037434137,-33.802069123644856
2021-03-26,6.75810076985031,146.29485948869208,164.8177879396382,14.038057689919867
2021-03-27,6.851182165613885,141.21009232348575,165.89377425607503,-5.792600682397477
2021-03-28,7.277243255419519,144.66420281577828,164.4316145608117,-2.354735343833312
2021-03-29,7.102013953806187,145.8571157553326,165.73679189981948,26.6169857635947
2021-03-30,6.845079009488812,144.18905313569468,166.2060802783847,14.027119860972448
2021-03-31,7.158458032369089,146.10097279247947,166.6719332238843,-12.843515322969807
2021-04-01,7.033923958067537,142.87987502535793,165.34984592352004,-21.309104610918865
2021-04-02,7.295569160917806,146.67651711466397,165.25132624982305,-11.517427654148804
2021-04-03,6.79438675018322,148.39793695981342,164.58201741324345,-9.198099057943807
2021-04-04,6.906583101258684,143.01574829480296,164.63811964596013,9.922555422825212
2021-04-05,6.886980470482589,142.79068966200126,165.24352110809846,18.06368791284072
2021-04-06,6.565141803213715,146.52773619583715,165.84236550681618,17.250952772021577
2021-04-07,7.092468081541363,146.71840627416094,166.39358462623323,-17.4081668624477
2021-04-08,7.081236813567868,142.45087811975537,164.68182104931967,8.836559140894451
2021-04-09,7.003595251948464,142.59262171111328,166.98268856895953,8.130830244566454
2021-04-10,6.9306790779353395,142.80490408619505,165.22387639895743,-22.560837949619525
2021-04-11,6.575291332169434,140.61415110732358,165.47863270565156,-6.991321171578875
2021-04-12,6.8724099859311965,141.3994482743299,164.75778832085217,-35.89309448886766
2021-04-13,6.8943443475087935,141.16131248974278,163.08575973972705,24.618856132632914
2021-04-14,6.754885176902939,141.566003426592,166.39904539636103,47.56626236048078
2021-04-15,6.9454473216808985,142.96341710052425,166.25684389709244,-17.330594302188445
2021-04-16,7.113168521758337,143.43160979268308,165.2436724428818,-9.897797698013306
2021-04-17,7.555785389090215,145.99380148344952,165.59699071722488,12.109001622334432
2021-04-18,7.040136056102379,140.82496111736498,166.0509392177041,-24.293048611671537
2021-04-19,7.062718319934092,144.7184532629096,163.97745414311345,-15.524878425756157
2021-04-20,6.960668015015018,142.24926286184592,165.0159473226537,35.50215804762573
2021-04-21,6.404777850361952,142.50506049295987,166.34426467962183,-10.728551187343811
2021-04-22,6.969722099090961,143.8797121992141,164.30071057683077,-7.360601211827884
2021-04-23,6.9928728179776725,140.21007527395597,165.85355793216664,-1.3843857218125777
2021-04-24,7.710765194730602,143.14516875931656,164.2084181953766,2.7430807540034152
2021-04-25,6.9109352975245795,142.63749071132492,166.03642998243353,19.96410483488873
2021-04-26,7.055821983652706,143.21315633481717,165.5393585177025,-31.073426975085283
2021-04-27,6.951522600580905,142.72971266486854,163.9648681840945,18.155712551319994
2021-04-28,6.60777625601723,146.9845750214279,166.74973935445718,13.358103586611776
2021-04-29,7.297536301357416,140.72059582243816,164.85540842320196,-29.474876872073423
2021-04-30,7.1764465185940525,140.85570865299292,164.78474756298561,14.17741161043466
2021-05-01,7.184221854217105,140.59259818320996,165.80056919723094,29.533346796646498
2021-05-02,6.670011390868919,140.6486758832866,166.75363734942871,-18.095865243139855
2021-05-03,7.3594521985933,140.40520540250134,164.59417818102162,-16.154362493711147
2021-05-04,6.513717048393507,143.97798546103726,165.67667984984797,21.819574789634544
2021-05-05,7.1058614421380355,144.36058151045032,166.0488165003306,9.62138636122745
2021-05-06,7.58234777172807,140.29737368850076,166.31810560726313,-3.635624175800558
2021-05-07,6.623333155067491,139.6931459060104,165.80644155527722,-15.75200169519718
2021-05-08,6.745765313030944,142.21940141422036,165.26797216091666,-14.910476638889207
2021-05-09,6.9405896796925255,140.0905849755682,164.81240977935127,6.947575831945727
2021-05-10,6.754571755189539,142.3791280909367,165.73114388304637,-3.5182318700529436
2021-05-11,6.435217665770005,141.43714169947881,164.5778609880144,-44.962415498114865
2021-05-12,6.915671447907585,137.91766168346018,162.73364951650538,22.78048224214885
2021-05-13,6.570982507177259,143.96186291975545,166.09655980415766,57.52927986871214
2021-05-14,7.026209244480784,144.3761841543998,166.5689348410862,-41.84238359549269
2021-05-15,6.602650623382864,139.4763267827147,163.30706756445815,-28.55498318694174
2021-05-16,7.337694767089765,139.8439008704045,164.66526929529007,44.881300448205934
2021-05-17,6.6318669050843395,141.10838449854475,166.2991542610052,46.15839261632459
2021-05-18,6.764246534083847,141.12289236804537,167.7424954697117,-8.8254082999471
2021-05-19,7.098837684437824,141.68839319977985,165.7107937076754,-41.63247616411283
2021-05-20,6.479338004803272,144.30906584470952,164.96699705877086,-2.9053522317039437
2021-05-21,6.910549157355837,139.85216611453754,165.51710355889514,31.693190405660232
2021-05-22,7.228068853603411,138.52694700033445,167.0798764191482,-6.796016070295252
2021-05-23,6.347198786069333,137.28248647591528,165.06403582087546,-32.461026386976926
2021-05-24,6.878256456303074,138.496976192013,164.91580799334974,2.598309854137568
2021-05-25,6.894160455089286,139.81044690044666,165.23725647781797,-2.1620490241269863
2021-05-26,7.043980562350612,143.383859673453,164.77167139174128,9.231207572652096
2021-05-27,6.43149735465115,138.67776821324622,165.85267031599477,38.820106000924426
2021-05-28,6.399507277744874,140.07904252263032,167.35967845846957,3.156134356819109
2021-05-29,6.9452033211291635,139.51735068908076,166.06307927311605,-28.005479408937788
2021-05-30,6.8706098337499055,141.84599197936436,165.49264649787372,-9.073358130473963
2021-05-31,6.849474976888879,144.44238327776682,165.45818873108445,-19.512559598555583
2021-06-01,6.870995527352827,138.24642277901006,164.19180919130335,17.773815690940467
2021-06-02,6.555711009808986,138.24927700956707,166.64310977714715,22.43030417525759
2021-06-03,6.821977505278082,141.23685155040118,165.6871628029872,-15.803845361066493
2021-06-04,6.83273392705711,140.43308955811244,165.58952008640938,49.21417147286519
2021-06-05,6.522947600069324,142.6839253236775,168.96810756784487,7.338492329344604
2021-06-06,7.289358523782815,140.08002275031518,166.0787529083657,-59.02347926910096
2021-06-07,6.864083769340093,138.11571368938277,165.0332089499048,-10.72665756856864
2021-06-08,6.356787436670061,139.93823883640246,165.36364240379444,28.653551389379004
2021-06-09,6.903328342475686,140.8974913340407,166.94344570919674,8.244420101149785
2021-06-10,6.406083043312899,140.24475095298217,165.91327041053776,-38.65085531271134
2021-06-11,6.9266820668987545,139.54260805443923,164.36672202168265,12.23937786056183
2021-06-12,7.030150720844668,140.58627715207044,166.72922893457522,11.702008391675491
2021-06-13,6.42833131196138,140.71700433270075,165.146855914461,14.461032624634953
2021-06-14,6.955463799719566,141.06885714751368,167.69329777621755,26.372882268804148
2021-06-15,6.782153594360345,139.52874843584712,166.90504806571462,-34.659295078144225
2021-06-16,6.896761543952586,137.82456812741646,165.38267810434127,3.1645244403074457
2021-06-17,7.210963830327234,138.3804158679679,167.11601636173512,7.877661092792181
2021-06-18,6.560052648120785,140.42892145267334,165.9078555105274,-6.273640299193488
2021-06-19,6.399254548357795,136.3117000413166,166.69777367512222,6.403159601506019
2021-06-20,6.3501930213119575,138.61336050254812,166.33473281729448,-25.336954951696526
2021-06-21,6.363944335642446,137.02057496910544,165.00864334500912,-16.774239744178914
2021-06-22,6.577167587679191,137.79679848999342,165.21645016768255,28.294762088580683
2021-06-23,6.694227479497069,140.22910745314348,166.89496081758116,4.781617503163602
2021-06-24,6.666448527273491,137.98815622508573,165.53522466789346,-21.354139212347576
2021-06-25,6.823133790394149,137.63346561332438,165.471351536758,-9.15520870864242
2021-06-26,6.570397559627052,134.75641505897894,164.92487742065063,12.558712932531932
2021-06-27,6.994058565874244,138.90508975555016,166.30859906559346,45.41471247888751
2021-06-28,6.470088348792613,138.64094651725625,167.95252491924313,-22.21697969771597
2021-06-29,7.357011445471981,141.61484289404126,164.82746708574572,-30.424581938555377
2021-06-30,6.720126976050164,136.6121112590061,165.92421945667277,37.346302045045405
2021-07-01,6.266738902044638,137.6063005930964,167.31722055541542,-1.407912718777169
2021-07-02,6.194073681328589,137.60811608446738,165.8303586087543,-14.247731387485345
2021-07-03,6.651536826354806,140.2066389684979,166.36737179624973,-14.591282053517887
2021-07-04,6.431210891676274,136.80457798474933,164.8576064718531,-0.2109704856312078
2021-07-05,6.703908000368369,137.49771941463842,166.35330709720765,13.278738947135338
2021-07-06,6.623143307635805,138.10106477669325,165.74285573499546,8.511343477083244
2021-07-07,6.450796099939432,137.20519056390836,166.92072999567986,20.76795474853924
2021-07-08,6.2100905366914,135.88692757355173,167.12738605156474,24.207504695081212
2021-07-09,6.001172024245141,137.11693562478135,168.5345636420186,-8.966293175267595
2021-07-10,6.313185438951654,138.8261344160076,166.52963317321357,-33.80650988154642
2021-07-11,6.695592016597981,134.57712578381967,166.28079631658218,-5.6287330745432484
2021-07-12,6.494454197964152,136.84856678814086,166.15438430157735,-10.03443914089317
2021-07-13,6.048081895831217,135.1360575089915,165.6118337071893,2.3114931282650275
2021-07-14,6.465361528785596,138.88127943323622,166.3084838434617,1.0164732400750154
2021-07-15,6.5206349541973765,133.4009290758683,165.67959858986097,-2.400343007881247
2021-07-16,6.131546258614458,135.28681954663304,166.1484609762696,24.34498418620521
2021-07-17,6.434518513436329,137.11770459688046,167.302597535608,-17.475053123238382
2021-07-18,6.397597305395265,139.45421699273336,164.98345743472038,-2.5157846171839537
2021-07-19,6.029015987084209,136.1528398377172,167.13487856112906,35.00486448929237
2021-07-20,6.471056800359612,135.13640854654736,167.31711506733987,-18.71920632180192
2021-07-21,6.523813033952989,139.97289688629206,165.88693147300893,-51.43454949522692
2021-07-22,6.672396126571549,133.2796497073657,163.8881451009914,-7.196301901550726
2021-07-23,6.655572852808033,131.7444912844643,165.40717801290555,51.43274168354566
2021-07-24,5.91813371428016,136.98989963760192,167.31699454656112,8.924308871933846
2021-07-25,6.042142486908895,135.074882203356,166.00213193770114,-34.29445168284062
2021-07-26,6.4701116071250695,134.00700743144185,165.03069776770508,-7.078602883940164
2021-07-27,6.461905744855263,137.43804059413583,165.5302250787718,27.748833881992
2021-07-28,6.454513436174945,136.4821652961588,166.88062002650454,15.922627341443558
2021-07-29,7.4481103019803685,134.84103321770277,166.59173356820136,-16.043281885113316
2021-07-30,6.455914583498232,133.38460722865594,165.81106790083032,-13.553369700240694
2021-07-31,6.617740826872061,137.66756324645453,165.68817558818532,-2.1423907481121773
2021-08-01,6.555764755565914,137.2018981912375,165.66824185095618,-8.183786590257114
2021-08-02,6.457546318400656,135.68341328054407,165.1425898155015,30.257007577698687
2021-08-03,6.160186727322166,139.55673692539375,167.68537568946942,9.151345729306968
2021-08-04,6.475172860354683,133.70642648052,165.75267953078864,-5.8232575296585765
2021-08-05,6.0084273311974234,132.780119883455,167.29715852082552,27.80454781700712
2021-08-06,6.162102471677756,134.43337498105817,167.60631605192245,-3.1327143401632895
2021-08-07,6.080494629431812,135.71349179003877,167.08831089814797,-29.144045469607534
2021-08-08,6.24370615835986,136.2802719231532,165.66337968728195,-8.768712117170452
2021-08-09,6.90666836770561,135.30151087279643,166.5037300903366,6.261370594906879
2021-08-10,5.645306829551724,136.47994833793337,166.08080439360907,-19.461479266000907
2021-08-11,6.404670766353056,133.26608124206876,165.20629813926988,5.378323321688043
2021-08-12,5.708376999051538,138.65148279564337,166.4393592817216,-3.9800689564449954
2021-08-13,6.044105950626056,135.59591820633625,164.9409602088402,13.099801601099301
2021-08-14,6.505961079701816,137.9925547715484,167.31267938846156,10.866337407920952
2021-08-15,6.192248849793358,136.44263357040873,165.6653827027016,-14.64779598883112
2021-08-16,5.843430791090085,136.67138752654222,166.33615965587282,11.368577532667956
2021-08-17,5.946054783071826,136.89959308035574,166.42328787154614,-6.750969443653503
2021-08-18,6.3585210066441356,136.659132634708,165.88609502629592,4.7010889489369845
2021-08-19,5.929633386242455,137.0542974965391,166.73669380147527,-3.089980243776722
2021-08-20,6.20789031571318,138.4337724329734,165.68009634337747,4.419052439729398
2021-08-21,6.150943052923963,136.17660307057469,167.03129729745723,-12.916140354363534
2021-08-22,5.936221255191716,137.2111381588027,164.81902031975324,-11.023765768662486
2021-08-23,6.769427205696074,135.6247038759917,166.2963795795464,49.42363018957579
2021-08-24,6.311076697053465,138.6969267429982,168.1139289990583,-16.750663562279584
2021-08-25,5.508131215134681,134.4778944644975,165.17966867539442,-39.100109543747124
2021-08-26,6.166500838607662,139.4480132474189,165.50725502947515,22.86358761396741
2021-08-27,5.907038238233193,135.7827327632573,166.70390784965892,13.009901286966539
2021-08-28,6.356434384964678,133.01987369381274,166.37458178193958,-2.2991662557805626
2021-08-29,5.858200400486947,136.1574624607872,166.55063009927355,4.794080223121284
2021-08-30,6.056911378839271,134.56042966679644,166.69418713014767,4.4113705393233715
2021-08-31,6.238329020619126,137.62654373785278,166.84472146856177,9.457690677128454
2021-09-01,6.342186104875072,134.66417090883922,167.32469984195623,-3.223542174498988
2021-09-02,5.718124828590188,135.10264663441765,166.6298186569285,-20.11436244862182
2021-09-03,5.973746351024163,132.24295249071716,165.98374234538144,4.091325664113299
2021-09-04,5.927626100982907,135.14586057482933,166.90257370120273,32.26709384270663
2021-09-05,5.870255094628093,131.23256520049932,168.13488193489522,-11.92811171377926
2021-09-06,6.592166661273413,132.94377238002826,166.10736625361744,-42.96616859348802
2021-09-07,6.1804349000258085,137.66505678311776,165.27047069532935,18.74571623504295
2021-09-08,5.677219749287974,137.74986382743847,167.35708066928697,12.962222110755732
2021-09-09,6.327523658585484,137.06459218306793,166.1346188360464,-49.04625322951546
2021-09-10,6.685628661086801,134.31650633960228,164.08733045398594,14.667042616559911
2021-09-11,6.355675654480736,136.19317559907068,167.1124216771504,24.710120400902298
2021-09-12,5.587217825162697,136.32088073803908,165.7346718140461,-13.919324391818293
2021-09-13,5.894990672532556,134.05218106347132,166.18446671769584,13.159627747843956
2021-09-14,6.417706494677677,139.41785769752096,166.61198033056903,4.365494431248322
2021-09-15,5.822845535646392,138.20925086709317,166.47549967977906,5.812072298550106
2021-09-16,6.165947151147396,136.05736579439997,166.99945181713903,-9.239790755233628
2021-09-17,6.26298891820728,136.59912407918617,165.85951362943015,-2.79519028444426
2021-09-18,5.750460040277787,137.0094540362575,166.81310579817608,2.7890953947888875
2021-09-19,6.008765780251898,132.55781944160387,166.04545332241608,3.535570240671433
2021-09-20,5.052471699233385,136.19678651506683,167.0488104808875,13.27371242395472
2021-09-21,5.715908972316566,135.37826246368152,166.93036748401306,-24.963737743981653
2021-09-22,5.945973529592133,134.79130406549876,165.3845612979554,7.209219482429603
2021-09-23,5.646073532085274,136.28586557726203,167.41098211617503,6.1421288539584395
2021-09-24,6.508942602286252,140.49815539495518,165.79403655488596,-4.018864768408292
2021-09-25,5.589134103047249,138.2403631374788,167.14305779828115,13.69876137773062
2021-09-26,5.88526738140527,135.87337785066967,166.70728731340134,15.60188817770964
2021-09-27,6.0557542985112365,138.21910725172376,168.18318367679512,-8.711299436598097
2021-09-28,6.44831293461529,139.9319896267822,166.12653401762813,-32.662507093699844
2021-09-29,5.584718743872226,139.04299781745206,166.0056832038818,3.2106956472624404
2021-09-30,6.364120725382494,137.37454062065763,166.3405803941123,0.8420551992591641
2021-10-01,6.018083604422687,136.024036258692,166.06182021716575,12.440422617446387
2021-10-02,5.720551115986752,138.7780493318934,167.16994190194205,-19.546962384034856
2021-10-03,6.153772736723155,138.2333114619859,164.75868939156342,-27.654364816326193
2021-10-04,6.075145519590011,139.30249204296234,165.32631758085364,8.377615302860733
2021-10-05,5.835796329171087,138.84922256881518,165.3171970784208,30.20985016679873
2021-10-06,6.03738355198403,139.7457474364888,167.34030759197356,41.826244412416855
2021-10-07,5.9015779784825035,136.64490523519558,168.10561337258193,-15.671352157665268
2021-10-08,6.052103789497997,140.41984870111295,166.29555078146254,-28.041526436579005
2021-10-09,6.217711470812741,138.25087631531824,166.23617827681,2.76752072475972
2021-10-10,6.496047863265402,142.07772710165247,166.48005216311319,20.110500386972774
2021-10-11,5.6502152559895915,136.62124950509758,167.57687830260818,-14.811079459556709
2021-10-12,6.662933168957039,141.54484362309572,165.4926468658094,-13.702639798100762
2021-10-13,5.439005814536579,138.54287884823054,166.6633689827348,28.688261459595452
2021-10-14,5.980850910701619,136.91919197446185,167.40519762978244,4.090877808075817
2021-10-15,6.204780670044805,137.33003525116365,166.93609416993985,-11.634240197755616
2021-10-16,6.114626375613699,137.73367803984135,166.62958161659873,7.649278839409419
2021-10-17,5.845705916403396,139.3000354147213,167.44604609256714,-43.242208643969775
2021-10-18,5.972409073209111,139.57544859534536,163.74676770700074,-4.697561595543505
2021-10-19,5.889417789521803,137.46117282342902,167.1328753195309,30.887349148077732
2021-10-20,5.863122594679533,138.63935764310696,165.8059243168726,-37.47762324581046
2021-10-21,6.2975674756457085,143.05277778830083,164.63436710314355,17.629174239785783
2021-10-22,6.152686391045291,142.30414716457426,166.98120259952498,48.214371630291026
2021-10-23,5.8407429988901045,139.80316249620222,167.84865854516295,-9.579766712290194
2021-10-24,6.3216683241618945,139.08858390759698,166.3425514853723,-6.161759969399725
2021-10-25,6.14728813112402,139.33528556401035,167.43787454720297,26.3959015892452
2021-10-26,6.302403289854222,140.4054655103727,168.10227825798864,5.58059859571614
2021-10-27,6.2510151484978795,137.21658814807714,167.80991445358404,0.5652940707410892
2021-10-28,5.817144253018093,138.83167718168824,168.13996452937138,-8.441804437682237
2021-10-29,5.901638039767446,136.0940084047312,167.2471274910719,-23.31796335704709
2021-10-30,6.297862241099474,140.31483432013343,166.58543363890158,-35.011399544536204
2021-10-31,6.260898097055141,140.89643247417638,164.9130341881028,-4.672441905472766
2021-11-01,6.075759246367779,138.72173682786013,166.27393751187006,11.530788248714856
2021-11-02,6.121599256669081,142.92254459170528,165.6817534046838,36.40507808441626
2021-11-03,6.474199160180317,137.40986860785875,168.7009427174978,10.160411743257782
2021-11-04,5.9180529421889405,137.01982189058165,166.35911418756766,-30.566068660699983
2021-11-05,6.264402905905156,140.48496504453217,166.66320480678448,11.060567827091887
2021-11-06,6.044488504656508,142.21804090508098,167.09648537604045,-1.044035406180086
2021-11-07,6.044836398689253,143.57975072126715,166.59360244637247,17.303484965854494
2021-11-08,6.444888663225163,139.3824209278267,168.25005104043075,-9.84377712160395
2021-11-09,6.368114251635521,142.54606317109642,165.93735063826554,-22.35665377790255
2021-11-10,6.369893335843747,140.400389345605,166.75960745523724,-1.647318359453891
2021-11-11,6.522950976816097,140.22102393201595,165.82752941430195,-22.569449496869538
2021-11-12,6.143189566770555,142.4226128087399,165.25497748877928,2.1105224218916874
2021-11-13,6.347167939937066,142.04906989263347,165.96823090909473,19.394785712584763
2021-11-14,6.055306541860811,137.6808624350796,166.5479632029516,2.8870029958200405
2021-11-15,6.251550179450615,143.87601605692308,166.16069777548273,-9.680762742381575
2021-11-16,6.121278513077046,143.77244723382222,165.90257902012615,-14.505228587318442
2021-11-17,6.195547059833113,139.85048340264618,165.19368253632817,9.289731108677302
2021-11-18,6.351226107351668,141.98254981273683,166.5218944273713,-1.3260436553872523
2021-11-19,5.933545585003615,142.26830126972,165.10527962596902,12.79742304477466
2021-11-20,6.813160966029084,141.8908253528179,167.37505596368962,23.957401904482367
2021-11-21,5.8901708778973045,140.35801778996336,166.7024397529345,-33.11411194731818
2021-11-22,5.834347216692707,140.20441959611648,165.16744850053507,-5.724732449765781
2021-11-23,6.552759224876903,141.58545902074343,166.32079092295012,10.730926408114811
2021-11-24,6.449639414437172,144.07076330757494,165.8828435944094,9.575753812035543
2021-11-25,6.406281675549756,142.90105568752477,166.95917451041916,31.539102774206356
2021-11-26,6.414542961029763,141.1609636093782,167.98545044602315,-32.76520470097353
2021-11-27,6.229445254534617,143.53368822207486,164.77482753035426,-18.23136550313606
2021-11-28,5.971107274527041,136.38104063537443,166.7700260791474,25.87559511118627
2021-11-29,6.270271470632866,144.46320389643873,166.49986720443334,8.494709959545617
2021-11-30,6.051708196383389,138.7734781803357,167.33634007645045,5.749941357064898
2021-12-01,6.554797174127635,141.61491889308758,166.88319662823767,-21.199641122838955
2021-12-02,6.225624346599675,140.18699309319527,165.9230306682612,-7.833758458564404
2021-12-03,6.029646274303598,139.9231144862557,166.36094606433338,-0.5108478759700574
2021-12-04,6.188504899370657,144.91986351122793,165.88897414319652,21.075916113978508
2021-12-05,6.416494412687258,141.74810359290507,167.7660071385986,12.41006258213119
2021-12-06,6.131258780443266,143.46134912424372,166.71631164867193,12.527753207315584
2021-12-07,6.061535762384741,142.75885075671036,168.60119068575298,-1.0795869372981315
2021-12-08,6.389196044605437,143.8906153367354,166.6443391861854,-38.99396178995147
2021-12-09,6.397527799943999,143.1734866226231,166.00159323308955,-21.645803681973206
2021-12-10,6.179960435081852,140.53661127459864,165.20128560738718,-16.270993640182354
2021-12-11,6.198792713947542,145.17730246708066,164.91686032374406,-0.9063232558901291
2021-12-12,6.417832894515985,142.27882565985482,165.1408640569945,31.203994909011357
2021-12-13,5.921956823497802,140.2341187681417,166.99712665101148,31.54291449353181
2021-12-14,5.942355311516604,142.57134675793813,167.24372502322996,-27.5747602956541
2021-12-15,6.15731918662717,146.50871917662064,165.15880929796788,5.944699362692489
2021-12-16,6.317119580479147,145.28657102093797,167.64003831407612,16.62194475523009
2021-12-17,6.482768092201623,142.96703426547046,166.26693894831655,-11.073679531358636
2021-12-18,6.840483155319236,143.0432950219352,166.90179301198555,31.579225199082828
2021-12-19,6.663590552378007,143.17525118434034,168.3722206282554,11.400694558199405
2021-12-20,6.366760914744946,148.0479453564274,167.6618393158655,-28.06126914241844
2021-12-21,6.417518368582542,144.7334441606669,166.50146935209418,-26.670473119211948
2021-12-22,6.130973634295156,144.9039549378776,165.8838077745847,-28.09927130135236
2021-12-23,6.4347136693262454,146.17789045954314,164.62818459867069,2.73058359259295
2021-12-24,6.362228629100111,144.66748654899453,166.06584668075757,29.260277437523996
2021-12-25,6.554221327317392,143.7435208976528,166.57886976117229,-3.870393118631341
2021-12-26,6.217834419757731,143.93969449847094,165.80782047284882,1.348099076031417
2021-12-27,6.630421477804529,144.25905277293438,166.6687430329077,16.110471151649506
2021-12-28,6.943066362478343,144.3967243150043,166.88185188295878,-1.2539852207368085
2021-12-29,6.459254616709092,145.99437436647392,166.58514401819193,-10.752816956733824
2021-12-30,6.621042418255997,144.70996741683214,166.16499741917653,6.0526598066218185
2021-12-31,6.7162240648732485,146.13731121224527,166.9886546719667,16.529148455892937
2022-01-01,6.397469872828823,144.57552982589175,167.2669406495694,-18.73580624114311
2022-01-02,6.593719542279642,144.95812358271883,165.73960092255717,14.6848759526533
2022-01-03,6.5389233924382175,140.8672824169273,168.24593237974628,15.027164177378722
2022-01-04,6.573097922743507,146.7580924810348,166.74141186771575,-20.731241352021357
2022-01-05,6.320534582206076,145.67907290337607,166.86384962294485,12.252038333111841
2022-01-06,6.568423455804056,147.04166350202777,167.55821442325654,3.3654976247795787
2022-01-07,6.719090700637041,139.31155173280143,167.0882161312635,3.8238331598505226
2022-01-08,7.013640494079515,149.3380866809863,167.81313663391325,0.95862050907499
2022-01-09,6.874667716275614,144.93827241056363,167.15212416520183,-23.333610128305367
2022-01-10,7.241410595207437,147.48875569024585,166.25756262535955,1.265690400064159
2022-01-11,6.373798791769605,143.24632531609782,167.2365035252061,-7.819332490203408
2022-01-12,6.8742217544611,146.60422589948465,165.73627379267933,-3.6441572914439746
2022-01-13,6.676023462359893,143.32316712613905,166.9935597057765,16.807443250143024
2022-01-14,7.2864273344901616,144.23254553826297,166.85677000935553,-4.600148445735357
2022-01-15,6.395430370595818,149.35698258396602,166.68688314272748,-1.279612811916877
2022-01-16,6.394402033640913,145.1951292355989,166.77146248856107,-24.955982823376672
2022-01-17,6.474862382054123,146.0576585971208,165.02315095450237,-6.152810944530529
2022-01-18,6.025833448960631,147.40793906434038,166.36127509225904,29.770409199581138
2022-01-19,6.5135556050822325,146.7028777366566,167.0078449011411,10.77871949607541
2022-01-20,6.4517777792543285,146.0547497860829,167.0798563919974,-16.657800631005983
2022-01-21,6.732824279794926,146.5249080932806,165.89732485907405,16.737771733009765
2022-01-22,6.798372195789507,150.64155630074137,168.1957078408647,2.5725043906716394
2022-01-23,7.266784214763824,145.75788073444375,166.0688251517855,-4.293759605069738
2022-01-24,6.997093598100356,146.31235340173822,167.90945720052673,19.55053815129304
2022-01-25,6.546872396260511,148.04713488822102,167.3721943618717,-24.085267655558056
2022-01-26,6.458337356205763,148.19117298894625,166.3037726901562,20.371747961067683
2022-01-27,6.883294665111189,148.3870918378393,168.73031089260954,-8.06114282869018
2022-01-28,6.347442690144532,147.3220080990868,165.76636316824352,-12.692350784993067
2022-01-29,7.300678313051887,143.78865224266767,167.88415417361,33.06328724699185
2022-01-30,7.1127327723649545,149.3702296056691,167.97058231804297,-23.696615740299762
2022-01-31,6.6257378646488805,143.83796278007733,166.30437979092335,6.0282447303200115
2022-02-01,6.2600675672159,146.7617869854675,168.3724653000643,6.458605417165728
2022-02-02,7.187612337080845,144.67239564091267,166.73495348540106,-16.406575061766517
2022-02-03,6.754454517157822,146.075664487591,167.27869362927987,7.805525300552603
2022-02-04,7.167448193773533,146.88301657721308,167.25532183877124,-6.195035561256077
2022-02-05,6.3249806754499875,146.88830810856408,166.86569125852947,8.407296515828051
2022-02-06,6.6306188664968255,147.10808349032496,167.81580827315977,14.066961930340938
2022-02-07,6.8190415195515754,149.5088546753497,167.8034887205522,-38.24010369596962
2022-02-08,6.838512193808447,147.20422864636902,165.2664680267618,7.81277283488933
2022-02-09,6.696258509771146,145.82310876184548,168.32434024287815,1.440599778038063
2022-02-10,7.024901782127056,148.25238920710126,165.36250801196434,-3.926910578047398
2022-02-11,6.5244358537386065,148.71447673626398,168.06254620434166,41.987956872948615
2022-02-12,6.8085878870105505,143.89016670217737,168.16170513682758,-31.702689518352827
2022-02-13,6.893872810976646,147.5485528049615,165.9490335697848,-22.912791371732766
2022-02-14,7.018498897569728,147.76299075093863,166.6341857120454,-0.07107357406098913
2022-02-15,7.08393370094452,145.77093207565184,165.94429533151407,3.0883988649881644
2022-02-16,6.53923562167049,149.12140712440183,166.84007896971127,12.115055764502927
2022-02-17,6.422468218977917,146.0723371606021,166.75196571581426,15.068723438370881
2022-02-18,7.271973165761436,146.6245767599419,167.84466053226933,24.425145454579962
2022-02-19,6.994223650075702,146.02677710192123,168.3803087461196,9.390349177809298
2022-02-20,6.675732773435729,146.40209825756358,168.47068381078995,-27.93715159046812
2022-02-21,7.371261890507941,144.17493348741831,166.51783197342172,-23.923585268017007
2022-02-22,6.9461428750729075,143.48245149094592,166.87577812625548,-16.66905248464019
2022-02-23,7.270638831931133,149.54516151900106,165.40656180777904,-8.799722891275223
2022-02-24,6.9423978335915875,144.65435825462325,166.2891299335038,39.87434737977608
2022-02-25,7.545541149653662,144.35616054872548,168.06485163309745,36.47179335066639
2022-02-26,7.458973863497184,142.02136780345006,168.72058282354823,-32.83800757466025
2022-02-27,6.862616080745729,145.0379699863963,165.8756511281201,-32.97070624051685
2022-02-28,7.233587757289035,143.65600662688166,166.5225357408471,18.26914672381477
2022-03-01,7.140416428287362,149.57106158928244,167.09359424304108,13.23938126958737
2022-03-02,7.361954935970481,148.29006829737858,167.4051611588196,-11.597966444440857
2022-03-03,6.666323576011551,144.8760999701428,166.32039648007836,2.3084982846671664
2022-03-04,7.165923221608352,150.73780882789052,167.55906104446407,5.186462592760819
2022-03-05,7.28181306467812,148.17558150872043,166.66616065292908,-6.427699730135146
2022-03-06,6.44071135318721,145.54008501317932,167.13054772912173,15.451853926119412
2022-03-07,6.617271489770682,141.16722510996362,167.6962842480037,0.4631181103381721
2022-03-08,6.364262456106127,150.7228099613858,167.16142226981094,-14.590052077954141
2022-03-09,6.898859243105436,143.3352760935,166.72361410947343,-1.5904811060515556
2022-03-10,7.198458208674367,142.7957365075502,167.05539019607417,5.3703439698182365
2022-03-11,7.437280916837061,148.1024138421404,167.08163704079465,-3.756018389344433
2022-03-12,7.012043551902014,150.90615241487174,166.80498897011788,-2.406496551926125
2022-03-13,7.481503202356212,148.7632135596297,166.9212039373329,29.679873005802477
2022-03-14,6.581852724321321,147.08916262916074,168.7836471705047,12.44573265912507
2022-03-15,6.487693394196238,147.11619653222263,167.75091944794124,-28.261912328007952
2022-03-16,6.984728301917945,147.59754066149216,166.89951968197084,2.1905243485421977
2022-03-17,7.119155475041031,147.37127828669418,167.89695440451072,-0.42508757590240975
2022-03-18,6.99652865151265,146.37721740703347,166.87118051024402,7.292553496139078
2022-03-19,6.388362993959126,145.98336451252487,168.38312463758666,10.701925229311087
2022-03-20,6.983974820458821,145.6086308731293,167.5846421921981,-19.056401723863274
2022-03-21,6.62134124109343,144.18348301618946,167.11269785599578,1.321121004182828
2022-03-22,7.215410598293033,145.08641088056046,167.67271692581028,-21.803610120964407
2022-03-23,7.126170008980138,142.21696392511853,165.65912384793148,-23.467265920801026
2022-03-24,6.735762778428813,145.3600967661102,166.1082325310902,5.804267185042278
2022-03-25,6.864956857594173,143.53228884713587,166.04607499360097,19.195658455102347
2022-03-26,6.702596738804353,143.25379902897703,167.3879430947637,44.04660008826184
2022-03-27,7.0026542209971705,145.77109946428277,168.9825149994851,31.47535577143401
2022-03-28,7.30895078490753,148.14449181333254,169.48630014619263,-16.266958470665003
2022-03-29,6.727493132246674,147.1451551374186,167.89805110144076,-25.806835068723046
2022-03-30,7.175080255630074,142.1144303728013,167.76584447494443,-36.43663253390244
2022-03-31,6.865296690001022,143.2219766280779,165.46894226584726,-15.502774120176639
2022-04-01,6.786871986057154,147.0274852895512,166.732326200266,15.349109733667348
2022-04-02,6.992836683372714,143.12460417762344,166.49221624809175,-1.0226069777566238
2022-04-03,6.714437099139017,144.58289241998665,166.66415240174888,9.444598999851905
2022-04-04,6.858831054912464,146.07380435542692,167.1218561814152,2.381355308309878
2022-04-05,6.665330616583243,142.97753265238035,166.82290942230287,-27.017339876864668
2022-04-06,7.613731834084804,145.06449253352224,165.32070018962423,18.450012507220066
2022-04-07,7.034365970218014,142.12422792831356,168.05291025611754,13.748351769539369
2022-04-08,6.81319433547849,143.5271176391242,166.2372569742602,-7.479950880095885
2022-04-09,7.08648373310167,145.3060468753875,167.55424686411115,47.35238543234658
2022-04-10,6.987622065248638,141.41620142987972,169.39408266974996,-17.229471835463954
2022-04-11,6.953913571868693,145.417940084518,166.40561540841355,-68.91555288744428
2022-04-12,7.203192031066997,144.4316328238208,164.79971247725368,9.65070554559503
2022-04-13,7.24478589092304,145.5089427861775,167.0489957781199,54.61870736617328
2022-04-14,6.856829210994605,144.7840030403842,168.44095963499856,33.815275141510455
2022-04-15,6.841534957031088,146.99584601233482,169.30334745422059,-34.80763844176465
2022-04-16,6.929921209605765,144.44860431211305,166.1204504055476,-21.77472346476094
2022-04-17,6.319872636224452,143.2691556791716,167.85169922323652,11.613587065085511
2022-04-18,6.553760515652228,144.3016162785731,166.89468954321995,-8.889713663109688
2022-04-19,7.41610619183006,145.07193687844787,167.25905164569588,46.79480705695639
2022-04-20,7.497118220644037,144.01066774345912,170.01434334701705,-20.80532961136541
2022-04-21,6.926359738573959,143.92104741091896,165.87202967160485,-35.70905528283731
2022-04-22,7.171339705021407,142.3621293348643,167.63373966149456,29.709952502408612
2022-04-23,7.0889099645137845,142.3659146241943,167.85269317176542,12.630699951671431
2022-04-24,7.916222555039544,140.81148773280148,168.47578632493932,-5.395650274417818
2022-04-25,7.325316169620777,147.04023483363997,167.4929831534709,-11.5160367815281
2022-04-26,6.947816729637348,140.97716256376214,167.70805053950411,-7.194475813390255
2022-04-27,6.696142091426971,142.002334475563,167.01335143257822,-0.4338539738851921
2022-04-28,6.4973474683928085,141.87405802217765,167.6791269412451,0.8768443788653713
2022-04-29,7.03666357910487,145.02294468742627,167.07180772450258,5.43667422916414
2022-04-30,6.7449294699776345,142.56493965697481,168.04157188985604,-0.2462709081927983
2022-05-01,6.541237004910179,145.5716100825966,167.0553896639564,-3.5170724393076114
2022-05-02,6.769889072412454,141.64999973497305,167.8071003939022,5.2552128353796945
2022-05-03,6.6352149674745675,143.47541688329355,167.40573718631504,11.38424785304963
2022-05-04,7.461512154529336,141.16679908411436,168.56605025077218,-0.18196364855299407
2022-05-05,7.215425042630483,147.04749777491983,167.3936062764115,-43.33624078468603
2022-05-06,6.943979259827693,140.3013754535805,165.6769675317931,19.849728364537356
2022-05-07,7.385668081897082,143.21527777316822,168.716921500714,13.159502510164316
2022-05-08,6.960086374791126,143.78197040109455,166.5542676991374,-28.585317590441974
2022-05-09,6.673560357875941,143.260536366698,166.8112336613512,4.801065102286799
2022-05-10,7.383832745891697,141.980650729829,166.87433870595652,30.573066477294333
2022-05-11,7.083400119519383,142.00966403345086,168.84943809317082,-22.950193799028256
2022-05-12,6.605268068707058,142.27482449976802,165.3443257860213,26.59965660733775
2022-05-13,6.8539399252353945,141.8109356952487,170.62274853366,48.02596534567158
2022-05-14,6.64284208562969,143.95030342358928,168.54605680906607,-43.567644292962626
2022-05-15,6.485061742544648,146.36108940172142,167.71823891412916,-16.514262145235392
2022-05-16,7.172018774484211,140.74247615410218,167.4451059993837,1.0847274109273997
2022-05-17,7.461145812581498,139.03521363180354,167.79055407485765,8.79024643493409
2022-05-18,6.462799066076644,141.5155843432997,168.03112242837932,5.544922666386043
2022-05-19,7.045203611920496,146.76889039665863,168.16021558595006,0.6672305643620291
2022-05-20,6.674960366195201,139.91946575082363,168.07560446600345,-8.184523570421902
2022-05-21,6.717754450107237,144.72243699300387,167.61458068125526,-11.144143294661575
2022-05-22,6.6798133175116865,144.7170642680211,167.33266157969268,-3.462809473631836
2022-05-23,6.591876093066517,140.17204158812496,167.38372671634647,0.18645209931946738
2022-05-24,6.859075968461564,142.33486121856575,167.34509171964731,19.425650707808728
2022-05-25,6.588586883774331,144.3715121991785,168.67877009686705,11.97697503950323
2022-05-26,6.912269670886838,140.2744595713638,168.14355672228086,-60.96238097297004
2022-05-27,6.80923217107856,140.5437478939027,164.61461136533572,1.0851608137335234
2022-05-28,6.745702483939111,139.70596300155853,168.21590077652976,47.17687244074597
2022-05-29,6.538115469765643,138.75847536633967,167.75973619471878,-9.96914299463512
2022-05-30,6.630267304185544,139.40837057380256,167.5512912435541,-8.598819717115305
2022-05-31,7.022748783705467,138.17827977884016,167.1864815469111,17.29232214647908
2022-06-01,6.9391599995896565,140.61388459568803,168.70411271998603,20.19067372817645
2022-06-02,6.488294572531204,138.92567603289422,168.53252646212286,-28.3048558171447
2022-06-03,6.803962198995138,140.85347133130662,166.81712233217638,-7.957112624974769
2022-06-04,6.992107270080356,137.1947819826047,168.00205228712454,-2.8316860007650746
2022-06-05,6.2583276658450515,140.88942872159632,166.6283432654587,-26.650056778702123
2022-06-06,6.91454716438624,141.8162667130606,166.22538183521107,5.324092649270256
2022-06-07,6.545075843024843,136.0837477917007,166.98328277541006,33.78017455757558
2022-06-08,6.9073027305640275,140.7418363226628,168.47739347238277,23.84763404949041
2022-06-09,6.49934414408883,142.3720830118304,168.5731250453761,-5.089620784282118
2022-06-10,6.178996948421352,137.4210263366713,168.1380854200973,-3.2704388779215776
2022-06-11,6.224281803524884,143.10958160337512,168.35509578684798,0.1963930052649232
2022-06-12,6.7189986028414745,140.52719185055153,168.15117828711496,-20.348660731064285
2022-06-13,6.774466456070568,138.20445893273327,166.99851840477703,-1.1138361366151628
2022-06-14,6.417181697952262,139.42890819446893,168.07692254467395,21.778366806759806
2022-06-15,6.871934201404657,140.58372166838333,168.45040952522768,4.985531777094536
2022-06-16,6.173735440844745,139.546380608009,168.40929132981358,5.977557693704512
2022-06-17,6.644160165510955,140.39988677911018,168.84891337147465,-0.5398122391881088
2022-06-18,6.292431985473557,137.40975785515582,168.37330384720104,-12.411977458996262
2022-06-19,6.451901304776529,139.51930429080113,168.02144820754157,5.57769586673075
2022-06-20,6.653352049426678,136.28340045975003,168.74515023831643,-5.519542001859179
2022-06-21,6.372656246694172,138.81941497858816,167.65347874075096,-29.130373343162148
2022-06-22,6.507031386342431,137.16590169643248,166.80312534877228,-1.8981855704210204
2022-06-23,6.915876167425447,137.43534035571446,167.52693303605622,2.2045800963189777
2022-06-24,6.432486025348013,141.31212414279517,166.95009735519355,-7.531669665459049
2022-06-25,6.847803980040742,140.95697052868624,167.02482172502562,9.15575961136426
2022-06-26,6.249707067749353,139.92793436286337,167.5604813292845,-1.6086246903833512
2022-06-27,6.739065697505798,136.46125589352295,166.91758007900006,-2.3016428838531056
2022-06-28,7.0040854224882585,137.95022315250338,167.40703847036096,-16.36792118930785
2022-06-29,5.821599484920827,140.9473489902417,165.8263853330462,7.968828555179641
2022-06-30,6.315492401495225,138.7436751649055,167.93829370737294,28.57230213473997
2022-07-01,6.719143444894296,143.038981385186,167.7312054753622,-15.305735076616855
2022-07-02,6.476564248039095,139.1280508892555,166.9179113689318,10.02060289605339
2022-07-03,6.6402754559769726,138.66763670428216,168.39924566843243,26.469881530421162
2022-07-04,6.339190286218803,137.60847727236896,168.68257013762656,-33.85208299202091
2022-07-05,6.537819789956263,138.43803001123328,166.14244013563103,-25.354423742891754
2022-07-06,6.456602102001719,137.81133028848498,166.99227522143377,12.726262718724826
2022-07-07,6.8451102600574245,139.47890999944116,166.9908576502127,-2.507674838139593
2022-07-08,6.562582753783717,139.9236377304881,166.82509689889113,24.129257875786152
2022-07-09,6.57903118609781,136.3869289027466,168.59947484193177,11.341154435041005
2022-07-10,6.345696745067693,135.24626709390017,167.5811738612272,-16.259845248635685
2022-07-11,6.314505504553746,134.18731371637625,167.5154851586894,-27.0005433845094
2022-07-12,6.322568065084173,138.82788035109087,165.78113763559324,13.648993072797424
2022-07-13,6.562242443823597,135.55853463181313,168.42541803020922,11.619059543299244
2022-07-14,6.309208376966991,133.4140685022738,166.55574160514652,-8.482280999143086
2022-07-15,6.514061241617884,138.45281486473144,167.85993263026634,22.89952999217519
2022-07-16,7.041404725193388,142.61870484501904,168.0823769379582,19.660889483584754
2022-07-17,6.671810720810759,137.5788660250799,169.17065859583866,-23.642960056159552
2022-07-18,6.304390673057211,139.22755864407623,166.5061796008809,-65.5525612748923
2022-07-19,6.754324396107757,137.67508521878565,164.80048784417917,22.54004915809162
2022-07-20,6.2633406119439945,137.27578933300757,168.00884954475367,72.45035005997522
2022-07-21,5.766171827156225,139.27516866338388,169.63051118151085,15.976452122786782
2022-07-22,6.0670746468746835,136.8212303903594,169.07394635293946,-23.712776493543544
2022-07-23,5.80020212054642,137.90265602486966,168.04965941527462,-25.80873807857259
2022-07-24,6.247975014146704,137.9786980841017,167.35336381436795,9.111947720440128
2022-07-25,6.350996528101528,135.96790242045802,168.6571225966373,-7.0786502110863125
2022-07-26,6.84049912661049,139.25830888853605,166.88145380029553,-4.811472409216009
2022-07-27,6.427800382090497,136.89581536566197,168.33635776935623,22.335245383066678
2022-07-28,6.256205904693004,135.70713449436008,168.37047015916664,8.90778207213998
2022-07-29,6.563033607643892,138.2659226881742,168.9302099074989,33.96284819616653
2022-07-30,5.643211489016264,135.37164207641868,170.63466003891108,-9.866909104801778
2022-07-31,6.36964315893438,137.20202042952047,168.27241596717877,-48.87935496927895
2022-08-01,6.5226938839847,137.10591300085085,167.37603637429248,-6.119854190561682
2022-08-02,5.840405053749011,139.275855160425,167.864425687808,-18.751684187723896
2022-08-03,6.619727031240914,138.03480061485317,166.1259240951109,-9.887082283455726
2022-08-04,6.370845120551077,137.0181239457887,167.20528686891095,20.546902001640035
2022-08-05,6.137482871142529,138.68792385364168,167.4957175618869,2.7093709973166824
2022-08-06,6.444756673915913,139.81846508091255,167.3859116020654,8.574559652202396
2022-08-07,6.929064793112445,138.14077988909332,168.06735487203372,-4.324973016713898
2022-08-08,6.295435693795028,137.03442917641726,167.0975800676178,14.680136929361538
2022-08-09,6.308447016521945,134.38007586948834,169.0460306673245,12.489404959505919
2022-08-10,6.08936579251015,134.86500908094155,167.9302070649182,-16.804964826946645
2022-08-11,5.965504202097855,136.3777422519351,167.92569967886138,-4.77152672146687
2022-08-12,6.462933941028848,135.76359276156742,167.61210528348707,2.617365074964084
2022-08-13,5.9504779404298285,136.60457295281563,168.10019068385898,17.44489471770848
2022-08-14,6.222339009081307,137.08918888925874,168.77509826466763,-15.184813493547864
2022-08-15,6.05123603128793,138.0341248802498,167.08786978428913,-22.098221306143415
2022-08-16,6.331991309222447,136.83407032547595,167.30188351092474,8.601062804013395
2022-08-17,6.28226191955252,137.94987874646586,167.66127397122335,-10.166316515969527
2022-08-18,6.487394859373076,137.1091113843103,166.62412907652677,-7.5829774641727
2022-08-19,6.017203006929294,133.03399605019865,167.1557421402785,13.194750748928357
2022-08-20,6.083427728339824,135.11250413168997,167.50377912645533,25.55470560651372
2022-08-21,5.865052346147104,136.71072379068306,168.85938918071275,11.23173303819911
2022-08-22,6.019795409938637,134.58871034635683,168.25256132900194,-10.061989040177934
2022-08-23,6.26078781084364,138.21863343274197,168.18858991136756,8.97504949749063
2022-08-24,6.369322510299316,140.09242681609035,168.85089796216798,-4.814425496504526
2022-08-25,5.860320183621831,139.4820684626434,167.8676282116006,-6.756496683586448
2022-08-26,6.39271257725129,136.63274601055247,168.40046484992888,0.6622505320036964
2022-08-27,6.533501880890854,140.0576349264982,167.9117782470675,-1.7265375079387013
2022-08-28,6.245940919716061,137.3915284635184,168.28536234939963,-7.043053570186117
2022-08-29,6.6801707877001215,136.43948815579756,167.44224134238843,-40.412692615141026
2022-08-30,5.88033997927989,135.90777219839663,165.59118284172357,6.877192431378774
2022-08-31,5.734549516773415,136.5520012550562,167.90072083781368,58.073479415645295
2022-09-01,5.569924892472471,136.4043901373982,169.46274813609992,16.05741846641834
2022-09-02,6.548076470290666,137.54681335222702,168.97121540224157,-6.710259772631133
2022-09-03,6.291423535843976,137.55379350743164,169.01539748459118,4.798729793469647
2022-09-04,6.074418796211487,137.26682282424673,169.2911307218062,-13.001098404445912
2022-09-05,6.171196046060511,138.16410563830573,168.14865759096145,-15.432225216009101
2022-09-06,5.7458020737320785,139.70242589682573,168.2623157074056,-10.444642295937285
2022-09-07,6.813550908503398,139.25254304152452,167.45234810456563,-7.55082845149019
2022-09-08,6.115102481294938,134.4173290599558,167.75892714397293,18.651345678082976
2022-09-09,6.105800711265438,132.31435277299724,168.69577114977116,22.949359397938593
2022-09-10,6.287494748995546,139.3272753395533,169.28888443716883,-11.178261381782306
2022-09-11,6.210987331366057,134.76267922590986,167.950553724319,-24.661105530303757
2022-09-12,6.130907807909234,137.0860573564453,167.64481073514858,2.249613518063711
2022-09-13,5.823797428310841,135.23585347824306,168.1005279588566,15.920940206707854
2022-09-14,6.1997174075503105,134.0139388623131,168.7062067489291,-21.5157416248519
2022-09-15,6.620362160151179,138.74396284908912,166.66614518386646,-43.31081553099523
2022-09-16,6.457000273718649,139.2237910378471,165.81881904686276,13.549769499629463
2022-09-17,6.529091955038717,136.59819674459874,167.56946315050843,16.282027908346066
2022-09-18,5.895675908353878,132.61615074694424,166.90428757408583,0.785949777663717
2022-09-19,5.7502073827565505,136.75403224935036,167.62185980235267,16.243981606450433
2022-09-20,6.0075451374369875,138.6796696985587,167.98721968118252,0.9733768293644118
2022-09-21,6.060335789974064,134.9890201459242,167.68675159097697,24.15371779932343
2022-09-22,6.370358101118642,138.36557173186597,169.59746753447075,11.84989760438043
2022-09-23,5.532989277728804,138.02145341211613,168.47674476460233,-17.129897622898795
2022-09-24,6.498367897517436,139.26507517451023,168.45547435961083,4.5819356916162235
2022-09-25,5.9910210600683165,138.40125470658396,168.7822071440434,-21.43961216087405
2022-09-26,5.909426565154341,136.27272514496323,167.02616688221923,6.403569650652656
2022-09-27,5.733074150748969,140.66992653705879,169.20911178742026,16.096032468679624
2022-09-28,5.539610408270367,138.01878019148916,168.09923571346454,-5.379467552685355
2022-09-29,6.282528105850155,138.34140486997092,168.85048061724123,-14.791394197570469
2022-09-30,6.057229577322149,136.5907546296777,167.11314276695984,-33.213590748859616
2022-10-01,5.648051027046718,137.63308748531557,166.63624123398392,28.496203365977664
2022-10-02,5.6464687023273425,136.81347537319408,169.01288965802502,29.102524381703745
2022-10-03,5.934357918411364,138.30166708540568,168.5764095260975,-25.649118185737763
2022-10-04,6.5360487236294365,142.1364860661871,167.3029484456425,-18.541089110582902
2022-10-05,5.957861684608761,136.03578981828818,167.3403369187253,30.56229508158424
2022-10-06,5.585340812965526,135.6199867054061,169.34043478441478,-4.646232173889615
2022-10-07,5.963253028511135,141.85794295881848,167.03058810713267,7.908572532617484
2022-10-08,5.955998576957335,138.56640387612703,169.86767295325595,4.481867373291664
2022-10-09,5.22973657417534,137.71729123897046,167.32937926535212,-14.914215414713397
2022-10-10,6.023647969468322,141.20654829439135,168.8733919256084,8.730033883483657
2022-10-11,5.971936556591957,137.9877066478016,167.91138152425103,-0.37806741789054854
2022-10-12,6.25150557248153,142.9240321880107,168.84818743108235,-3.0824328954781777
2022-10-13,6.598903094062076,140.70179512551113,167.70588599788582,-11.339705057319804
2022-10-14,6.383903782986883,138.4448858858577,168.0922070939277,8.925497662648354
2022-10-15,5.967130589320419,143.81090400752356,168.3009191753957,-12.440918245637675
2022-10-16,5.71784672498369,138.36122879473692,167.26281254421852,10.648577550366412
2022-10-17,6.823963540666269,141.13399101238258,169.01082434542013,7.4846083396484175
2022-10-18,6.072015412604342,140.3262757836049,167.7617864335284,-14.39136391140238
2022-10-19,6.060865470594444,142.40979022020304,168.05140008465997,-7.067037122053819
2022-10-20,6.0520277705349805,143.00865144000454,167.2906506253915,-34.856006151829604
2022-10-21,6.121410404722831,140.02964065026663,165.72766634120467,12.199824180125063
2022-10-22,6.021536810323325,138.53945912958758,168.10397223739983,74.77423620612385
2022-10-23,5.895745736724082,141.04753800391376,170.71261542161292,14.784480757472949
2022-10-24,5.906924637414612,138.85407508464755,169.08960428789803,-36.32813702020968
2022-10-25,6.064431983455858,144.3187824309588,168.2907396202656,-15.562426756594334
2022-10-26,5.914642888537312,140.64814728814716,168.05210917079174,0.7758940881964804
2022-10-27,5.867364657486564,139.728045196781,168.34246589281204,12.300149165751861
2022-10-28,6.116830216336815,140.91217981225364,168.8721191151752,-17.899180621813287
2022-10-29,6.0122243482865905,137.93319284097794,167.14918718469116,8.658038692405086
2022-10-30,6.543864272194861,138.76931482505145,169.44932169466887,28.592911961251417
2022-10-31,5.301455639504617,143.19891526719192,169.05538131544125,-5.792039534413931
2022-11-01,6.428408997101746,139.57026618216406,169.06318572570794,-4.003583649472944
2022-11-02,6.479121782167171,138.8765983504033,168.78847573880972,-10.328536020209214
2022-11-03,5.487746093118564,142.13046511276235,168.374616657694,3.66578245735667
2022-11-04,6.011550172934817,143.51565624408954,169.03286123596683,8.732962140710754
2022-11-05,6.007642486548453,142.6695671338145,168.95681413374137,-15.253529203617973
2022-11-06,5.701663159974495,143.31146783208075,168.01595928905897,-17.33123859957402
2022-11-07,5.895535794410463,139.89376863258929,167.8013982271031,6.9884550930453315
2022-11-08,5.800792936837961,138.6519731765886,168.481856295262,31.989328865881248
2022-11-09,6.6648509822896695,144.586721741436,169.9340201514952,-19.96445056373844
2022-11-10,6.425195271195752,141.0273537240734,167.1508929243461,-45.098181258714334
2022-11-11,6.531396372309219,141.25988012063317,166.92747473424757,21.208018753356583
2022-11-12,6.3719841471389245,144.50691567592645,168.56476084123653,22.926194514126905
2022-11-13,5.822432647306209,143.0520917920211,168.45588770185603,0.2787123470081099
2022-11-14,6.009569055809584,142.9406094596478,168.5833416643704,3.0459824407869007
2022-11-15,6.319624074069704,146.44811309886293,168.6589531979085,-5.7981587850783
2022-11-16,5.812167820299941,140.92039336181605,168.1967977453652,18.838653610403924
2022-11-17,6.398806278890955,144.1524529669374,169.91486343860208,-20.515525857625363
2022-11-18,6.119014057810711,142.5001378718397,166.8290960215235,-34.625406950734714
2022-11-19,6.08497288302501,143.01260566368043,167.60650297521977,22.614738274911872
2022-11-20,6.417115234123636,145.621612573599,168.33674523985096,-12.070376795609263
2022-11-21,6.343613145760217,143.66952155359527,166.80181118884582,-0.9389946642455982
2022-11-22,6.108648092204143,143.8195108230504,168.27414559556792,49.71988465323321
2022-11-23,6.57143561561413,144.976870896747,170.11647016572803,3.1011133909207445
2022-11-24,5.9061093859401215,142.19073192179195,168.48088648829597,-21.31153890014005
2022-11-25,6.422091759306188,141.33081752113787,168.6957009057187,-19.065768802028344
2022-11-26,6.422213110507718,141.00801102727672,167.2098352348274,-12.555934706372511
2022-11-27,6.158477373287113,139.25307671024086,167.85863859196053,13.424525772729794
2022-11-28,6.356324627246342,147.3861074350033,168.10480361967606,4.629694669248607
2022-11-29,5.890376809030717,141.15489751665513,168.16728490324377,25.0026026299156
2022-11-30,6.550225772827251,143.00612091865057,169.77164379500377,13.281092362220335
2022-12-01,6.224932289005645,142.9819834773097,169.05269106072512,-35.7465262791122
2022-12-02,6.1310475951960575,144.23704862455293,167.38854204306296,-4.517794234396746
2022-12-03,6.610102957260384,145.33995339905317,168.751504778432,24.29519558150716
2022-12-04,6.0917046735204785,145.51526375440187,169.00822174849677,13.554663901338557
2022-12-05,5.888146650959526,142.71356934852005,169.65514903852124,16.38478407107442
2022-12-06,5.851440959386985,143.63043360327745,170.1005406865684,-32.17864845523664
2022-12-07,6.508042505244246,144.61431094172121,167.50990580817214,-35.720972966681046
2022-12-08,5.9499833644644315,143.63573999214216,167.71914248878966,-3.487255006301524
2022-12-09,6.8684836037173325,147.43125793214102,167.27742214108537,8.80256478155033
2022-12-10,5.725457902849768,145.28141084460287,168.305980140893,26.009043500414464
2022-12-11,6.867020860405638,145.85153675695585,169.01135837444633,18.470315635441494
2022-12-12,6.42948989829426,145.7892666745279,169.5373345165891,-7.984640971332624
2022-12-13,6.345322535371903,146.8915543165582,168.4790489763575,-19.457730597659406
2022-12-14,6.219061260226099,144.98710868230998,168.24015247674515,3.5656352383688272
2022-12-15,6.5105246339848515,142.11119430851164,168.71675799224874,-7.579430675627918
2022-12-16,6.387784074275619,145.5833377981164,167.73485709836996,29.21671094169014
2022-12-17,6.738397169701587,143.5596404262146,170.66453872169475,-11.43777188232022
2022-12-18,6.4500460051536015,143.88277958732374,166.97233897288194,-28.421972141985492
2022-12-19,6.469275868875416,146.18964414911352,168.76974057889572,54.61900869521543
2022-12-20,6.323543359328597,147.56960806851035,170.61360621922964,-2.5191110150359464
2022-12-21,6.424016589280172,145.21091200594824,168.60179984456,-33.05467881346701
2022-12-22,6.541943140147163,145.86054161323796,168.4099609649985,-5.313679010556456
2022-12-23,5.945081004671262,148.72097096025044,168.24755457718956,0.2947102985864092
2022-12-24,6.062228881091798,145.8708508478584,168.4296083182376,26.104408462304463
2022-12-25,6.698238278689693,150.66463151278916,169.98784847467653,-30.32205344350629
2022-12-26,6.535112261043054,146.66330245275077,166.4081380886705,2.558778399297097
2022-12-27,6.437267717408254,142.08085257280206,170.15843370129633,11.968571383189897
2022-12-28,6.506616964870366,147.1782135596852,167.20604284754984,-26.85129045796117
2022-12-29,6.6139968053266545,146.50203713347105,168.3683476707656,15.070690982272339
2022-12-30,6.356438801340975,148.3864345458225,168.21075557970133,12.978083985077262
2022-12-31,6.293526060659922,147.21950014012972,169.23355326977074,30.683930702082307
