date,ghi_kwh_m2
2021-01-01,2.261
2021-01-02,1.288
2021-01-03,0.982
2021-01-04,2.375
2021-01-05,0.973
2021-01-06,0.756
2021-01-07,1.857
2021-01-08,1.482
2021-01-09,2.096
2021-01-10,1.891
2021-01-11,3.342
2021-01-12,3.54
2021-01-13,3.29
2021-01-14,2.943
2021-01-15,3.124
2021-01-16,2.787
2021-01-17,2.037
2021-01-18,1.688
2021-01-19,2.998
2021-01-20,4.022
2021-01-21,4.826
2021-01-22,3.094
2021-01-23,2.267
2021-01-24,1.244
2021-01-25,1.291
2021-01-26,3.837
2021-01-27,4.741
2021-01-28,2.833
2021-01-29,4.426
2021-01-30,5.124
2021-01-31,4.576
2021-02-01,4.649
2021-02-02,1.948
2021-02-03,4.742
2021-02-04,2.871
2021-02-05,4.093
2021-02-06,5.31
2021-02-07,4.642
2021-02-08,4.552
2021-02-09,5.136
2021-02-10,5.164
2021-02-11,3.046
2021-02-12,2.437
2021-02-13,3.559
2021-02-14,4.478
2021-02-15,4.722
2021-02-16,4.2
2021-02-17,4.472
2021-02-18,4.658
2021-02-19,5.146
2021-02-20,4.728
2021-02-21,3.14
2021-02-22,5.162
2021-02-23,5.889
2021-02-24,6.324
2021-02-25,2.06
2021-02-26,5.923
2021-02-27,5.31
2021-02-28,3.761
2021-03-01,6.372
2021-03-02,7.456
2021-03-03,5.758
2021-03-04,5.847
2021-03-05,6.441
2021-03-06,4.137
2021-03-07,5.556
2021-03-08,5.199
2021-03-09,2.752
2021-03-10,5.401
2021-03-11,5.635
2021-03-12,2.822
2021-03-13,2.544
2021-03-14,6.062
2021-03-15,4.994
2021-03-16,6.087
2021-03-17,6.305
2021-03-18,5.065
2021-03-19,5.829
2021-03-20,6.621
2021-03-21,6.185
2021-03-22,2.918
2021-03-23,3.967
2021-03-24,6.091
2021-03-25,5.876
2021-03-26,7.629
2021-03-27,4.087
2021-03-28,4.69
2021-03-29,7.45
2021-03-30,7.555
2021-03-31,9.009
2021-04-01,8.028
2021-04-02,8.994
2021-04-03,8.899
2021-04-04,2.771
2021-04-05,6.317
2021-04-06,6.058
2021-04-07,6.297
2021-04-08,8.039
2021-04-09,9.335
2021-04-10,4.094
2021-04-11,9.382
2021-04-12,7.677
2021-04-13,8.245
2021-04-14,7.0
2021-04-15,6.784
2021-04-16,5.818
2021-04-17,6.758
2021-04-18,8.456
2021-04-19,8.194
2021-04-20,4.254
2021-04-21,6.601
2021-04-22,4.874
2021-04-23,6.124
2021-04-24,7.993
2021-04-25,9.43
2021-04-26,9.177
2021-04-27,8.468
2021-04-28,6.878
2021-04-29,6.883
2021-04-30,6.332
2021-05-01,3.203
2021-05-02,6.467
2021-05-03,6.563
2021-05-04,6.306
2021-05-05,6.752
2021-05-06,4.039
2021-05-07,2.824
2021-05-08,7.811
2021-05-09,6.474
2021-05-10,5.524
2021-05-11,6.916
2021-05-12,6.82
2021-05-13,6.054
2021-05-14,3.138
2021-05-15,3.637
2021-05-16,8.185
2021-05-17,3.601
2021-05-18,1.833
2021-05-19,1.434
2021-05-20,5.035
2021-05-21,5.674
2021-05-22,3.96
2021-05-23,6.856
2021-05-24,8.583
2021-05-25,4.545
2021-05-26,7.85
2021-05-27,9.083
2021-05-28,7.295
2021-05-29,7.152
2021-05-30,3.94
2021-05-31,6.788
2021-06-01,5.879
2021-06-02,4.147
2021-06-03,8.287
2021-06-04,6.258
2021-06-05,6.835
2021-06-06,7.733
2021-06-07,7.556
2021-06-08,8.099
2021-06-09,7.114
2021-06-10,6.462
2021-06-11,6.778
2021-06-12,6.391
2021-06-13,5.839
2021-06-14,6.543
2021-06-15,5.851
2021-06-16,5.251
2021-06-17,6.036
2021-06-18,6.357
2021-06-19,7.073
2021-06-20,5.79
2021-06-21,6.919
2021-06-22,4.576
2021-06-23,8.001
2021-06-24,6.114
2021-06-25,3.802
2021-06-26,6.625
2021-06-27,7.405
2021-06-28,7.136
2021-06-29,8.596
2021-06-30,7.938
2021-07-01,4.45
2021-07-02,6.066
2021-07-03,2.916
2021-07-04,8.39
2021-07-05,7.249
2021-07-06,8.027
2021-07-07,7.389
2021-07-08,6.361
2021-07-09,6.668
2021-07-10,6.631
2021-07-11,5.105
2021-07-12,4.601
2021-07-13,2.712
2021-07-14,1.225
2021-07-15,5.954
2021-07-16,7.201
2021-07-17,2.833
2021-07-18,3.94
2021-07-19,0.899
2021-07-20,3.83
2021-07-21,4.989
2021-07-22,4.057
2021-07-23,5.615
2021-07-24,6.576
2021-07-25,6.754
2021-07-26,2.965
2021-07-27,1.586
2021-07-28,0.955
2021-07-29,4.133
2021-07-30,2.281
2021-07-31,5.359
2021-08-01,1.548
2021-08-02,4.013
2021-08-03,4.88
2021-08-04,5.404
2021-08-05,6.183
2021-08-06,4.65
2021-08-07,3.727
2021-08-08,2.699
2021-08-09,2.504
2021-08-10,5.824
2021-08-11,6.186
2021-08-12,4.672
2021-08-13,5.883
2021-08-14,6.33
2021-08-15,6.577
2021-08-16,7.541
2021-08-17,6.432
2021-08-18,6.548
2021-08-19,5.023
2021-08-20,2.267
2021-08-21,3.354
2021-08-22,4.732
2021-08-23,4.737
2021-08-24,4.428
2021-08-25,6.794
2021-08-26,4.069
2021-08-27,6.57
2021-08-28,4.356
2021-08-29,4.072
2021-08-30,5.698
2021-08-31,0.707
2021-09-01,1.155
2021-09-02,4.908
2021-09-03,5.336
2021-09-04,2.198
2021-09-05,5.66
2021-09-06,3.638
2021-09-07,4.004
2021-09-08,5.132
2021-09-09,2.966
2021-09-10,4.466
2021-09-11,1.206
2021-09-12,4.798
2021-09-13,3.089
2021-09-14,5.748
2021-09-15,5.164
2021-09-16,2.572
2021-09-17,2.228
2021-09-18,5.315
2021-09-19,6.181
2021-09-20,2.371
2021-09-21,4.548
2021-09-22,2.874
2021-09-23,5.022
2021-09-24,4.85
2021-09-25,5.429
2021-09-26,3.005
2021-09-27,5.025
2021-09-28,2.627
2021-09-29,5.478
2021-09-30,5.677
2021-10-01,5.234
2021-10-02,5.695
2021-10-03,6.01
2021-10-04,2.479
2021-10-05,5.023
2021-10-06,4.953
2021-10-07,3.561
2021-10-08,6.061
2021-10-09,6.422
2021-10-10,6.079
2021-10-11,5.851
2021-10-12,5.774
2021-10-13,5.306
2021-10-14,2.629
2021-10-15,6.231
2021-10-16,5.178
2021-10-17,2.172
2021-10-18,0.63
2021-10-19,5.492
2021-10-20,5.305
2021-10-21,5.877
2021-10-22,5.124
2021-10-23,5.748
2021-10-24,3.924
2021-10-25,4.055
2021-10-26,4.907
2021-10-27,4.967
2021-10-28,4.838
2021-10-29,4.448
2021-10-30,4.227
2021-10-31,4.68
2021-11-01,2.248
2021-11-02,4.031
2021-11-03,2.617
2021-11-04,2.21
2021-11-05,3.421
2021-11-06,3.063
2021-11-07,4.358
2021-11-08,3.395
2021-11-09,4.081
2021-11-10,2.757
2021-11-11,1.728
2021-11-12,3.563
2021-11-13,3.704
2021-11-14,3.246
2021-11-15,1.323
2021-11-16,3.663
2021-11-17,3.297
2021-11-18,3.531
2021-11-19,3.121
2021-11-20,3.267
2021-11-21,4.312
2021-11-22,4.96
2021-11-23,1.826
2021-11-24,4.721
2021-11-25,3.603
2021-11-26,4.422
2021-11-27,2.058
2021-11-28,4.162
2021-11-29,4.026
2021-11-30,3.465
2021-12-01,1.013
2021-12-02,1.459
2021-12-03,1.275
2021-12-04,3.515
2021-12-05,2.697
2021-12-06,3.176
2021-12-07,1.39
2021-12-08,4.121
2021-12-09,2.03
2021-12-10,3.905
2021-12-11,3.498
2021-12-12,1.958
2021-12-13,1.653
2021-12-14,1.336
2021-12-15,2.734
2021-12-16,2.443
2021-12-17,3.763
2021-12-18,4.158
2021-12-19,3.113
2021-12-20,4.476
2021-12-21,3.472
2021-12-22,2.888
2021-12-23,3.465
2021-12-24,3.097
2021-12-25,3.192
2021-12-26,0.663
2021-12-27,1.312
2021-12-28,1.279
2021-12-29,3.025
2021-12-30,2.736
2021-12-31,3.008
2022-01-01,3.365
2022-01-02,2.809
2022-01-03,3.638
2022-01-04,2.314
2022-01-05,0.939
2022-01-06,2.308
2022-01-07,2.107
2022-01-08,0.546
2022-01-09,1.355
2022-01-10,3.567
2022-01-11,3.424
2022-01-12,2.832
2022-01-13,2.53
2022-01-14,1.884
2022-01-15,1.122
2022-01-16,2.28
2022-01-17,2.203
2022-01-18,2.71
2022-01-19,2.266
2022-01-20,1.159
2022-01-21,0.943
2022-01-22,1.013
2022-01-23,1.308
2022-01-24,2.202
2022-01-25,1.437
2022-01-26,2.779
2022-01-27,5.248
2022-01-28,5.395
2022-01-29,5.337
2022-01-30,4.824
2022-01-31,3.542
2022-02-01,1.243
2022-02-02,4.273
2022-02-03,1.13
2022-02-04,2.283
2022-02-05,3.793
2022-02-06,4.677
2022-02-07,5.002
2022-02-08,2.353
2022-02-09,3.274
2022-02-10,2.639
2022-02-11,6.008
2022-02-12,2.801
2022-02-13,6.855
2022-02-14,5.977
2022-02-15,5.699
2022-02-16,5.903
2022-02-17,5.782
2022-02-18,5.767
2022-02-19,5.282
2022-02-20,5.76
2022-02-21,6.734
2022-02-22,5.321
2022-02-23,3.995
2022-02-24,2.353
2022-02-25,4.454
2022-02-26,3.337
2022-02-27,3.415
2022-02-28,6.685
2022-03-01,5.375
2022-03-02,5.39
2022-03-03,5.356
2022-03-04,5.504
2022-03-05,5.735
2022-03-06,4.519
2022-03-07,5.921
2022-03-08,6.332
2022-03-09,5.722
2022-03-10,6.239
2022-03-11,7.031
2022-03-12,7.107
2022-03-13,5.686
2022-03-14,4.304
2022-03-15,5.615
2022-03-16,6.75
2022-03-17,3.678
2022-03-18,6.239
2022-03-19,5.519
2022-03-20,6.689
2022-03-21,5.854
2022-03-22,6.905
2022-03-23,3.154
2022-03-24,6.858
2022-03-25,5.049
2022-03-26,2.132
2022-03-27,8.559
2022-03-28,8.05
2022-03-29,7.191
2022-03-30,6.582
2022-03-31,7.074
2022-04-01,7.309
2022-04-02,7.044
2022-04-03,8.405
2022-04-04,3.621
2022-04-05,7.86
2022-04-06,6.787
2022-04-07,5.153
2022-04-08,7.942
2022-04-09,7.013
2022-04-10,3.243
2022-04-11,7.775
2022-04-12,5.528
2022-04-13,7.205
2022-04-14,6.247
2022-04-15,6.783
2022-04-16,7.132
2022-04-17,3.727
2022-04-18,7.531
2022-04-19,6.68
2022-04-20,7.025
2022-04-21,3.19
2022-04-22,6.552
2022-04-23,7.019
2022-04-24,7.516
2022-04-25,8.37
2022-04-26,7.987
2022-04-27,7.551
2022-04-28,4.565
2022-04-29,8.121
2022-04-30,8.578
2022-05-01,7.365
2022-05-02,7.79
2022-05-03,5.824
2022-05-04,4.031
2022-05-05,6.079
2022-05-06,6.576
2022-05-07,7.752
2022-05-08,7.587
2022-05-09,3.657
2022-05-10,7.414
2022-05-11,7.382
2022-05-12,2.606
2022-05-13,7.381
2022-05-14,8.569
2022-05-15,7.457
2022-05-16,6.247
2022-05-17,3.468
2022-05-18,4.685
2022-05-19,6.947
2022-05-20,6.915
2022-05-21,6.41
2022-05-22,7.627
2022-05-23,3.181
2022-05-24,7.141
2022-05-25,7.404
2022-05-26,7.316
2022-05-27,7.7
2022-05-28,6.018
2022-05-29,7.62
2022-05-30,7.574
2022-05-31,7.026
2022-06-01,7.07
2022-06-02,3.644
2022-06-03,7.722
2022-06-04,4.565
2022-06-05,8.909
2022-06-06,7.311
2022-06-07,5.292
2022-06-08,7.651
2022-06-09,6.847
2022-06-10,6.621
2022-06-11,4.035
2022-06-12,4.212
2022-06-13,5.707
2022-06-14,5.654
2022-06-15,8.796
2022-06-16,7.536
2022-06-17,6.218
2022-06-18,5.824
2022-06-19,1.892
2022-06-20,4.849
2022-06-21,5.843
2022-06-22,7.494
2022-06-23,7.829
2022-06-24,8.83
2022-06-25,6.99
2022-06-26,6.807
2022-06-27,5.855
2022-06-28,6.506
2022-06-29,2.605
2022-06-30,1.069
2022-07-01,3.417
2022-07-02,3.154
2022-07-03,6.503
2022-07-04,6.002
2022-07-05,2.826
2022-07-06,6.024
2022-07-07,8.046
2022-07-08,7.852
2022-07-09,2.994
2022-07-10,5.099
2022-07-11,6.836
2022-07-12,2.351
2022-07-13,5.053
2022-07-14,5.987
2022-07-15,7.249
2022-07-16,3.135
2022-07-17,5.701
2022-07-18,7.449
2022-07-19,5.613
2022-07-20,2.618
2022-07-21,4.23
2022-07-22,4.412
2022-07-23,5.158
2022-07-24,6.159
2022-07-25,4.36
2022-07-26,2.534
2022-07-27,3.585
2022-07-28,5.323
2022-07-29,3.672
2022-07-30,2.699
2022-07-31,4.797
2022-08-01,4.831
2022-08-02,3.181
2022-08-03,4.576
2022-08-04,2.133
2022-08-05,3.665
2022-08-06,4.568
2022-08-07,1.131
2022-08-08,6.811
2022-08-09,6.477
2022-08-10,7.059
2022-08-11,2.22
2022-08-12,8.051
2022-08-13,2.948
2022-08-14,3.534
2022-08-15,5.552
2022-08-16,2.493
2022-08-17,6.43
2022-08-18,6.82
2022-08-19,6.807
2022-08-20,4.706
2022-08-21,5.981
2022-08-22,2.593
2022-08-23,5.921
2022-08-24,4.542
2022-08-25,5.767
2022-08-26,2.744
2022-08-27,6.349
2022-08-28,2.801
2022-08-29,3.047
2022-08-30,4.847
2022-08-31,2.109
2022-09-01,5.754
2022-09-02,4.433
2022-09-03,6.844
2022-09-04,6.852
2022-09-05,7.357
2022-09-06,5.604
2022-09-07,3.637
2022-09-08,5.294
2022-09-09,5.847
2022-09-10,2.22
2022-09-11,6.191
2022-09-12,7.482
2022-09-13,6.318
2022-09-14,3.244
2022-09-15,3.045
2022-09-16,2.088
2022-09-17,5.017
2022-09-18,5.191
2022-09-19,3.8
2022-09-20,4.027
2022-09-21,2.627
2022-09-22,1.612
2022-09-23,1.805
2022-09-24,1.468
2022-09-25,3.582
2022-09-26,5.789
2022-09-27,6.537
2022-09-28,5.636
2022-09-29,6.214
2022-09-30,6.193
2022-10-01,5.342
2022-10-02,6.472
2022-10-03,1.814
2022-10-04,5.883
2022-10-05,2.135
2022-10-06,4.398
2022-10-07,0.863
2022-10-08,1.227
2022-10-09,1.024
2022-10-10,1.892
2022-10-11,3.734
2022-10-12,5.109
2022-10-13,5.563
2022-10-14,3.661
2022-10-15,5.489
2022-10-16,4.898
2022-10-17,3.093
2022-10-18,5.118
2022-10-19,5.804
2022-10-20,5.668
2022-10-21,5.888
2022-10-22,4.686
2022-10-23,2.695
2022-10-24,5.204
2022-10-25,5.327
2022-10-26,5.327
2022-10-27,4.854
2022-10-28,5.154
2022-10-29,3.641
2022-10-30,1.694
2022-10-31,4.164
2022-11-01,4.582
2022-11-02,4.266
2022-11-03,4.111
2022-11-04,3.76
2022-11-05,2.254
2022-11-06,4.057
2022-11-07,4.42
2022-11-08,3.184
2022-11-09,2.139
2022-11-10,1.473
2022-11-11,4.127
2022-11-12,2.721
2022-11-13,4.634
2022-11-14,3.9
2022-11-15,3.628
2022-11-16,3.842
2022-11-17,1.729
2022-11-18,4.911
2022-11-19,3.692
2022-11-20,2.222
2022-11-21,3.96
2022-11-22,2.332
2022-11-23,5.015
2022-11-24,4.358
2022-11-25,4.513
2022-11-26,4.269
2022-11-27,1.762
2022-11-28,2.981
2022-11-29,3.212
2022-11-30,3.165
2022-12-01,1.772
2022-12-02,3.845
2022-12-03,1.276
2022-12-04,3.358
2022-12-05,4.076
2022-12-06,3.948
2022-12-07,2.609
2022-12-08,4.006
2022-12-09,3.581
2022-12-10,3.367
2022-12-11,4.026
2022-12-12,2.305
2022-12-13,4.121
2022-12-14,4.638
2022-12-15,4.202
2022-12-16,4.778
2022-12-17,4.329
2022-12-18,3.547
2022-12-19,2.745
2022-12-20,2.957
2022-12-21,3.148
2022-12-22,2.946
2022-12-23,3.178
2022-12-24,2.91
2022-12-25,2.991
2022-12-26,1.927
2022-12-27,3.438
2022-12-28,2.116
2022-12-29,3.819
2022-12-30,2.539
2022-12-31,1.884
2023-01-01,2.966
2023-01-02,2.247
2023-01-03,2.067
2023-01-04,2.173
2023-01-05,1.89
2023-01-06,3.096
2023-01-07,2.848
2023-01-08,1.064
2023-01-09,2.509
2023-01-10,1.097
2023-01-11,2.065
2023-01-12,1.639
2023-01-13,2.111
2023-01-14,1.623
2023-01-15,4.421
2023-01-16,4.311
2023-01-17,2.967
2023-01-18,4.506
2023-01-19,2.917
2023-01-20,3.745
2023-01-21,1.619
2023-01-22,2.764
2023-01-23,2.954
2023-01-24,1.546
2023-01-25,1.291
2023-01-26,1.987
2023-01-27,4.708
2023-01-28,2.942
2023-01-29,1.063
2023-01-30,2.219
2023-01-31,3.451
2023-02-01,5.299
2023-02-02,2.989
2023-02-03,5.514
2023-02-04,4.585
2023-02-05,5.256
2023-02-06,5.128
2023-02-07,5.578
2023-02-08,4.779
2023-02-09,3.645
2023-02-10,5.094
2023-02-11,2.66
2023-02-12,5.962
2023-02-13,3.125
2023-02-14,5.667
2023-02-15,5.505
2023-02-16,5.31
2023-02-17,4.549
2023-02-18,5.83
2023-02-19,5.359
2023-02-20,4.982
2023-02-21,6.275
2023-02-22,4.72
2023-02-23,5.363
2023-02-24,5.73
2023-02-25,5.318
2023-02-26,5.887
2023-02-27,6.055
2023-02-28,5.442
2023-03-01,4.016
2023-03-02,5.909
2023-03-03,5.264
2023-03-04,3.92
2023-03-05,5.384
2023-03-06,4.26
2023-03-07,6.466
2023-03-08,6.017
2023-03-09,4.661
2023-03-10,2.874
2023-03-11,3.873
2023-03-12,6.372
2023-03-13,5.237
2023-03-14,6.193
2023-03-15,6.301
2023-03-16,4.576
2023-03-17,3.526
2023-03-18,3.188
2023-03-19,4.94
2023-03-20,3.348
2023-03-21,2.955
2023-03-22,4.999
2023-03-23,6.029
2023-03-24,3.393
2023-03-25,6.977
2023-03-26,7.204
2023-03-27,6.705
2023-03-28,7.085
2023-03-29,5.273
2023-03-30,6.065
2023-03-31,5.088
2023-04-01,6.15
2023-04-02,4.102
2023-04-03,7.328
2023-04-04,6.301
2023-04-05,7.694
2023-04-06,8.075
2023-04-07,6.656
2023-04-08,8.181
2023-04-09,8.007
2023-04-10,4.255
2023-04-11,3.465
2023-04-12,7.552
2023-04-13,7.01
2023-04-14,6.834
2023-04-15,8.632
2023-04-16,6.881
2023-04-17,8.19
2023-04-18,7.511
2023-04-19,7.153
2023-04-20,6.043
2023-04-21,6.932
2023-04-22,3.201
2023-04-23,5.346
2023-04-24,5.56
2023-04-25,6.583
2023-04-26,6.448
2023-04-27,6.765
2023-04-28,4.363
2023-04-29,3.685
2023-04-30,3.641
2023-05-01,2.281
2023-05-02,3.959
2023-05-03,4.064
2023-05-04,6.931
2023-05-05,7.736
2023-05-06,6.565
2023-05-07,7.013
2023-05-08,8.012
2023-05-09,8.098
2023-05-10,8.677
2023-05-11,9.12
2023-05-12,5.507
2023-05-13,5.006
2023-05-14,7.205
2023-05-15,5.241
2023-05-16,6.718
2023-05-17,3.791
2023-05-18,7.7
2023-05-19,7.887
2023-05-20,9.358
2023-05-21,7.452
2023-05-22,8.142
2023-05-23,2.726
2023-05-24,4.461
2023-05-25,8.006
2023-05-26,7.675
2023-05-27,5.558
2023-05-28,4.045
2023-05-29,4.734
2023-05-30,3.81
2023-05-31,6.477
2023-06-01,5.54
2023-06-02,3.908
2023-06-03,4.987
2023-06-04,4.627
2023-06-05,6.773
2023-06-06,4.093
2023-06-07,8.554
2023-06-08,7.861
2023-06-09,4.04
2023-06-10,8.16
2023-06-11,5.519
2023-06-12,3.828
2023-06-13,4.021
2023-06-14,7.819
2023-06-15,7.318
2023-06-16,6.551
2023-06-17,5.974
2023-06-18,6.896
2023-06-19,3.36
2023-06-20,7.384
2023-06-21,5.215
2023-06-22,4.069
2023-06-23,4.83
2023-06-24,3.341
2023-06-25,1.42
2023-06-26,3.608
2023-06-27,5.875
2023-06-28,5.674
2023-06-29,3.034
2023-06-30,3.883
2023-07-01,5.807
2023-07-02,5.507
2023-07-03,7.126
2023-07-04,6.099
2023-07-05,5.445
2023-07-06,1.812
2023-07-07,4.949
2023-07-08,2.474
2023-07-09,1.265
2023-07-10,3.666
2023-07-11,3.924
2023-07-12,4.687
2023-07-13,5.074
2023-07-14,3.01
2023-07-15,4.479
2023-07-16,6.096
2023-07-17,4.112
2023-07-18,2.832
2023-07-19,6.256
2023-07-20,7.037
2023-07-21,4.859
2023-07-22,6.252
2023-07-23,3.121
2023-07-24,7.615
2023-07-25,4.72
2023-07-26,2.221
2023-07-27,5.1
2023-07-28,3.843
2023-07-29,2.485
2023-07-30,5.906
2023-07-31,6.552
2023-08-01,8.583
2023-08-02,5.224
2023-08-03,5.894
2023-08-04,2.877
2023-08-05,3.712
2023-08-06,5.424
2023-08-07,4.746
2023-08-08,5.296
2023-08-09,4.709
2023-08-10,5.048
2023-08-11,5.585
2023-08-12,7.086
2023-08-13,5.024
2023-08-14,4.857
2023-08-15,4.85
2023-08-16,3.007
2023-08-17,6.464
2023-08-18,6.742
2023-08-19,4.269
2023-08-20,6.227
2023-08-21,3.518
2023-08-22,1.588
2023-08-23,0.834
2023-08-24,5.25
2023-08-25,5.828
2023-08-26,6.117
2023-08-27,6.853
2023-08-28,3.413
2023-08-29,6.441
2023-08-30,6.685
2023-08-31,6.62
2023-09-01,2.986
2023-09-02,6.632
2023-09-03,7.67
2023-09-04,7.035
2023-09-05,3.481
2023-09-06,4.409
2023-09-07,5.999
2023-09-08,2.356
2023-09-09,3.528
2023-09-10,2.923
2023-09-11,4.663
2023-09-12,5.372
2023-09-13,5.642
2023-09-14,5.919
2023-09-15,2.384
2023-09-16,1.67
2023-09-17,4.71
2023-09-18,5.765
2023-09-19,6.413
2023-09-20,6.207
2023-09-21,1.695
2023-09-22,5.995
2023-09-23,4.653
2023-09-24,4.383
2023-09-25,3.682
2023-09-26,2.403
2023-09-27,6.429
2023-09-28,7.05
2023-09-29,6.209
2023-09-30,4.631
2023-10-01,5.654
2023-10-02,6.244
2023-10-03,6.899
2023-10-04,6.253
2023-10-05,3.076
2023-10-06,6.337
2023-10-07,5.757
2023-10-08,6.403
2023-10-09,2.791
2023-10-10,3.377
2023-10-11,6.547
2023-10-12,7.097
2023-10-13,6.266
2023-10-14,5.79
2023-10-15,5.095
2023-10-16,4.568
2023-10-17,3.3
2023-10-18,5.658
2023-10-19,3.488
2023-10-20,5.665
2023-10-21,5.634
2023-10-22,4.263
2023-10-23,5.284
2023-10-24,4.508
2023-10-25,4.304
2023-10-26,5.138
2023-10-27,5.611
2023-10-28,3.844
2023-10-29,3.31
2023-10-30,4.124
2023-10-31,3.829
2023-11-01,4.567
2023-11-02,4.042
2023-11-03,3.619
2023-11-04,3.492
2023-11-05,1.315
2023-11-06,3.27
2023-11-07,3.942
2023-11-08,1.716
2023-11-09,2.927
2023-11-10,1.875
2023-11-11,4.119
2023-11-12,4.177
2023-11-13,3.775
2023-11-14,2.479
2023-11-15,3.625
2023-11-16,1.963
2023-11-17,2.912
2023-11-18,3.219
2023-11-19,2.901
2023-11-20,2.871
2023-11-21,1.607
2023-11-22,3.581
2023-11-23,3.942
2023-11-24,3.177
2023-11-25,2.748
2023-11-26,2.661
2023-11-27,1.553
2023-11-28,1.515
2023-11-29,1.0
2023-11-30,2.579
2023-12-01,2.844
2023-12-02,3.275
2023-12-03,2.955
2023-12-04,2.751
2023-12-05,2.556
2023-12-06,3.354
2023-12-07,3.41
2023-12-08,3.528
2023-12-09,3.748
2023-12-10,2.362
2023-12-11,3.944
2023-12-12,1.174
2023-12-13,3.247
2023-12-14,3.53
2023-12-15,4.015
2023-12-16,3.444
2023-12-17,3.336
2023-12-18,3.642
2023-12-19,4.6
2023-12-20,3.193
2023-12-21,2.111
2023-12-22,2.333
2023-12-23,3.153
2023-12-24,2.887
2023-12-25,3.276
2023-12-26,3.035
2023-12-27,1.49
2023-12-28,2.494
2023-12-29,1.324
2023-12-30,1.609
2023-12-31,0.766
2024-01-01,2.018
2024-01-02,2.644
2024-01-03,1.214
2024-01-04,0.56
2024-01-05,0.846
2024-01-06,1.503
2024-01-07,1.91
2024-01-08,1.571
2024-01-09,0.983
2024-01-10,3.045
2024-01-11,3.392
2024-01-12,2.142
2024-01-13,3.426
2024-01-14,1.442
2024-01-15,3.788
2024-01-16,1.049
2024-01-17,3.39
2024-01-18,2.279
2024-01-19,1.075
2024-01-20,1.679
2024-01-21,2.576
2024-01-22,3.135
2024-01-23,1.21
2024-01-24,2.308
2024-01-25,2.476
2024-01-26,3.366
2024-01-27,4.892
2024-01-28,0.848
2024-01-29,3.672
2024-01-30,1.868
2024-01-31,1.776
2024-02-01,2.702
2024-02-02,3.864
2024-02-03,3.313
2024-02-04,2.014
2024-02-05,4.02
2024-02-06,5.013
2024-02-07,4.197
2024-02-08,4.951
2024-02-09,2.517
2024-02-10,4.996
2024-02-11,5.273
2024-02-12,2.952
2024-02-13,1.674
2024-02-14,2.544
2024-02-15,5.0
2024-02-16,5.519
2024-02-17,5.93
2024-02-18,3.038
2024-02-19,4.259
2024-02-20,3.803
2024-02-21,5.217
2024-02-22,5.258
2024-02-23,5.472
2024-02-24,2.675
2024-02-25,5.257
2024-02-26,3.67
2024-02-27,4.369
2024-02-28,6.669
2024-02-29,2.946
2024-03-01,4.258
2024-03-02,1.576
2024-03-03,4.811
2024-03-04,3.957
2024-03-05,5.79
2024-03-06,4.979
2024-03-07,5.883
2024-03-08,5.493
2024-03-09,4.352
2024-03-10,5.063
2024-03-11,3.829
2024-03-12,6.428
2024-03-13,5.24
2024-03-14,5.89
2024-03-15,7.223
2024-03-16,5.98
2024-03-17,5.376
2024-03-18,6.255
2024-03-19,7.201
2024-03-20,6.413
2024-03-21,6.524
2024-03-22,7.297
2024-03-23,7.353
2024-03-24,3.835
2024-03-25,6.545
2024-03-26,5.585
2024-03-27,5.157
2024-03-28,6.632
2024-03-29,4.189
2024-03-30,6.906
2024-03-31,7.657
2024-04-01,6.706
2024-04-02,7.269
2024-04-03,6.795
2024-04-04,7.449
2024-04-05,5.932
2024-04-06,7.688
2024-04-07,3.424
2024-04-08,7.167
2024-04-09,6.539
2024-04-10,5.5
2024-04-11,6.368
2024-04-12,3.668
2024-04-13,4.663
2024-04-14,4.578
2024-04-15,4.338
2024-04-16,6.522
2024-04-17,6.991
2024-04-18,8.501
2024-04-19,7.255
2024-04-20,7.875
2024-04-21,7.811
2024-04-22,4.358
2024-04-23,7.397
2024-04-24,7.349
2024-04-25,7.984
2024-04-26,6.713
2024-04-27,8.098
2024-04-28,2.676
2024-04-29,3.335
2024-04-30,8.698
2024-05-01,7.83
2024-05-02,7.71
2024-05-03,8.005
2024-05-04,6.501
2024-05-05,7.41
2024-05-06,2.76
2024-05-07,7.126
2024-05-08,7.66
2024-05-09,4.486
2024-05-10,7.106
2024-05-11,7.107
2024-05-12,3.42
2024-05-13,6.296
2024-05-14,4.563
2024-05-15,8.378
2024-05-16,7.108
2024-05-17,6.781
2024-05-18,7.219
2024-05-19,7.861
2024-05-20,7.03
2024-05-21,6.888
2024-05-22,6.759
2024-05-23,7.94
2024-05-24,7.597
2024-05-25,7.544
2024-05-26,8.532
2024-05-27,7.476
2024-05-28,2.703
2024-05-29,6.888
2024-05-30,5.119
2024-05-31,8.079
2024-06-01,6.546
2024-06-02,8.54
2024-06-03,6.93
2024-06-04,7.31
2024-06-05,4.718
2024-06-06,8.217
2024-06-07,6.724
2024-06-08,3.301
2024-06-09,7.463
2024-06-10,6.696
2024-06-11,7.232
2024-06-12,7.503
2024-06-13,8.015
2024-06-14,6.948
2024-06-15,8.575
2024-06-16,8.308
2024-06-17,7.895
2024-06-18,6.903
2024-06-19,6.778
2024-06-20,5.872
2024-06-21,3.494
2024-06-22,5.401
2024-06-23,6.253
2024-06-24,5.401
2024-06-25,6.009
2024-06-26,4.151
2024-06-27,4.637
2024-06-28,3.343
2024-06-29,3.915
2024-06-30,5.12
2024-07-01,4.83
2024-07-02,3.283
2024-07-03,0.737
2024-07-04,1.656
2024-07-05,4.145
2024-07-06,3.299
2024-07-07,5.072
2024-07-08,2.65
2024-07-09,3.751
2024-07-10,3.766
2024-07-11,2.862
2024-07-12,4.194
2024-07-13,5.458
2024-07-14,7.516
2024-07-15,4.484
2024-07-16,2.863
2024-07-17,2.329
2024-07-18,4.417
2024-07-19,2.262
2024-07-20,6.581
2024-07-21,5.463
2024-07-22,3.675
2024-07-23,4.791
2024-07-24,4.188
2024-07-25,5.457
2024-07-26,3.796
2024-07-27,5.956
2024-07-28,7.406
2024-07-29,5.878
2024-07-30,7.317
2024-07-31,4.728
2024-08-01,4.521
2024-08-02,4.661
2024-08-03,2.279
2024-08-04,7.161
2024-08-05,4.741
2024-08-06,5.202
2024-08-07,3.004
2024-08-08,4.082
2024-08-09,4.784
2024-08-10,4.19
2024-08-11,3.607
2024-08-12,4.576
2024-08-13,5.117
2024-08-14,5.589
2024-08-15,4.713
2024-08-16,5.671
2024-08-17,5.861
2024-08-18,5.347
2024-08-19,1.751
2024-08-20,4.432
2024-08-21,6.237
2024-08-22,6.344
2024-08-23,2.956
2024-08-24,3.472
2024-08-25,6.296
2024-08-26,5.201
2024-08-27,4.827
2024-08-28,3.783
2024-08-29,3.976
2024-08-30,3.669
2024-08-31,6.916
2024-09-01,6.545
2024-09-02,3.313
2024-09-03,4.8
2024-09-04,3.149
2024-09-05,4.951
2024-09-06,1.782
2024-09-07,4.026
2024-09-08,2.218
2024-09-09,4.65
2024-09-10,4.655
2024-09-11,3.456
2024-09-12,2.041
2024-09-13,2.036
2024-09-14,1.599
2024-09-15,4.467
2024-09-16,5.616
2024-09-17,5.563
2024-09-18,1.889
2024-09-19,2.219
2024-09-20,5.737
2024-09-21,6.208
2024-09-22,5.872
2024-09-23,2.447
2024-09-24,4.872
2024-09-25,4.716
2024-09-26,2.459
2024-09-27,4.733
2024-09-28,2.486
2024-09-29,5.352
2024-09-30,5.518
2024-10-01,4.97
2024-10-02,6.734
2024-10-03,7.033
2024-10-04,6.281
2024-10-05,3.226
2024-10-06,5.265
2024-10-07,4.29
2024-10-08,5.788
2024-10-09,5.861
2024-10-10,5.13
2024-10-11,5.423
2024-10-12,5.49
2024-10-13,5.419
2024-10-14,5.505
2024-10-15,5.751
2024-10-16,2.469
2024-10-17,2.718
2024-10-18,4.903
2024-10-19,5.363
2024-10-20,3.263
2024-10-21,4.374
2024-10-22,4.092
2024-10-23,1.821
2024-10-24,1.736
2024-10-25,5.443
2024-10-26,4.623
2024-10-27,5.618
2024-10-28,5.368
2024-10-29,5.433
2024-10-30,4.648
2024-10-31,5.246
2024-11-01,4.918
2024-11-02,4.813
2024-11-03,2.372
2024-11-04,2.314
2024-11-05,3.798
2024-11-06,3.358
2024-11-07,3.41
2024-11-08,3.495
2024-11-09,3.738
2024-11-10,3.593
2024-11-11,1.812
2024-11-12,2.21
2024-11-13,2.62
2024-11-14,2.065
2024-11-15,2.384
2024-11-16,3.273
2024-11-17,3.005
2024-11-18,2.73
2024-11-19,3.193
2024-11-20,3.325
2024-11-21,4.082
2024-11-22,2.956
2024-11-23,3.043
2024-11-24,4.247
2024-11-25,3.589
2024-11-26,2.57
2024-11-27,4.552
2024-11-28,2.202
2024-11-29,2.094
2024-11-30,3.626
2024-12-01,4.175
2024-12-02,3.942
2024-12-03,4.457
2024-12-04,4.458
2024-12-05,5.115
2024-12-06,4.386
2024-12-07,3.783
2024-12-08,3.516
2024-12-09,3.628
2024-12-10,3.75
2024-12-11,4.055
2024-12-12,1.918
2024-12-13,4.318
2024-12-14,2.445
2024-12-15,4.192
2024-12-16,3.389
2024-12-17,3.927
2024-12-18,3.448
2024-12-19,1.567
2024-12-20,2.981
2024-12-21,3.18
2024-12-22,3.331
2024-12-23,1.298
2024-12-24,1.664
2024-12-25,2.138
2024-12-26,1.764
2024-12-27,0.546
2024-12-28,0.546
2024-12-29,1.503
2024-12-30,0.888
2024-12-31,1.182
